,Gene,CRISPR Sequences
0,B4GALT3,"[Seq('TCGTGATGTCTACAGTAACC'), 'CCGTACCCCCAGTACTTCGG', Seq('GTTCTTGCACGATGTGGACC'), 'GGAATCCCCGGGTAGAACCA', 'GGCTTCCCCAATGAATACTG']"
1,B4GALT4,"[Seq('CGATGTGGACCTGGTACCCG'), 'GTGGTTGGCAGGAACAGCAC', 'CGAGCCAAACTCTTGAATGT', Seq('CCAGTAACTACTTCGTGGGT'), 'AGGAATGTAAAGCTTTACAG']"
2,B4GALT2,"['GACCGCAACCTATACCGCTG', Seq('GCGCTACTGGCTCCACTATC'), 'CGGGCCAAGCTGCTTAACGT', Seq('CTACTTTGACGTCTACGCCC'), 'GTTCACCTCACCCATGCCCC']"
3,B4GALT5,"['TGATTGCATGCCTCGGTGGA', Seq('TAGATTATCCTCTTGACTTG'), 'ATGTGGCGCCCGGCATAGGT', Seq('TGCTTTTCAACGTTGGCTTT'), Seq('TCCATGAGTGAGTACAGCTC')]"
4,B3GALT1,"[Seq('ACCATAACCTTACCCTCAAA'), 'CCTCCACCAAGCCACGAAGA', Seq('CTCACAAGGAATTTGATGCC'), Seq('GGGCAAGAATGCTGATCCTG'), Seq('GCGCTCTCTGGTACTTGAGT')]"
5,B3GALT2,"['GGCAATGAAAGTCTAGCACC', 'AACACTAATGGGCATGAACT', Seq('CACTCATCTTATTGGAGTAC'), 'CCTGTGACATACACTTTCCG', Seq('CCCAGACATAACTATTTCAC')]"
6,TPST1,"['GCACATCCTGACATTCGCTG', 'CATGTATAACCAGTGTATGG', 'AAGTAAAGAGAAGATCCGCC', Seq('TCACCGGATAGAGGAACGTA'), Seq('GGCATCAGTACATTCAATGA')]"
7,TPST2,"[Seq('CGGTCTACCTGTCGCGCCTG'), Seq('CGCAGTGGCACCACGTTGAT'), Seq('TCGAGGTGATGTACGCCCAG'), 'GACAGCAGGTGCTAGAGTGC', Seq('ACCACGTGGAATACCGCTAT')]"
8,PAPSS1,"[Seq('GTGGATGCATCTTATGAAGT'), 'TTTACTAGGTGGATATGCAG', Seq('TGTGGCCATTCTTCGCAATC'), 'TTAAGGATCGCAACAATGCA', 'GATGGTGACAATATTCGTCA']"
9,PAPSS2,"[Seq('GTGTTTGGGGGACAACATGT'), 'GGTTCCGAGGATGTACCGTG', 'ACAGAGAGGAAAATATCCGC', 'TGCAGAGGATAAGACACGGC', Seq('CTCAAAGGTTTCATGCGGGA')]"
10,NDST1,"['CGTGACGCGACCTAGCGAGG', Seq('ACGCTCACTGACAAGGGCCG'), 'TCTGCTGCTGTCGTATGTGA', 'CTGGACAAGATCATCAACGG', 'GCCATTGGACCGCTACATCC']"
11,NDST2,"['CTAGACCGGAGCATCCGAGG', 'GAGGCCTGGAAATCCGTGTG', Seq('CGCTACTGCATCTCACACGC'), 'AGAGTGCATACTCACAGCTG', 'GTTCCACAATCGCTCCGTGC']"
12,NDST3,"[Seq('ACTGGGATTATATACATTTG'), Seq('CACAGTCCTAGTATTTGTAG'), Seq('CTATTATACATGACCTGGGG'), Seq('TTGATTCGTGTGACCAAATC'), 'TGAAGCCAGCTAGATACCGG']"
13,NDST4,"[Seq('CCTAGGGTTATATACCTTTG'), Seq('CCCTCGACAGACTTGTGGGT'), Seq('GCCTGTACTTTTAACTGAGT'), 'ACATGGAATACCAATCAACA', 'CAGCCGATTTCAGTACCACA']"
14,GLCE,"[Seq('CGGCGTTCGAGTAGTGGCTT'), Seq('CACATAGAGGTATATGAAAC'), Seq('CGACAACATTACCATCTCTA'), Seq('CTGTTGTTGGGGGCTTCAAT'), 'GACAAATGGAAGTGTGTCCG']"
15,TMTC1,"['TGTACATCCTATTCATACTG', Seq('CAGCATAACCGGGCTCTTTT'), Seq('TGTGCTATGACTGGCAGGTC'), Seq('AGGTTCACTACAACTATGCC'), 'CAGCAGCGGTTCCCTCACAA']"
16,TMTC2,"['CTGGAGAAACCTACACACTG', 'CGTGGGACGAGCCGATGTCG', Seq('ACTGATTACAGTGGGTGCTA'), Seq('TTCAGATGTGGAGTACCAGA'), Seq('CGCTGCTGATTCGGACAGCC')]"
17,TMTC3,"['CATGAGGCCCGACTTCAAGC', Seq('TGGGAACAATACCACTTATA'), Seq('TGACAGTGTTTTTAGTGGCT'), 'ATTGGTGCCCATATGAATGT', Seq('AGCGAGTATTATATGTTCCC')]"
18,TMTC4,"[Seq('CGCGAGTAACCTGTTCTTCC'), Seq('CTGTCGTGCTGGGAATCTTA'), 'ATTAACTACTACCTCTCGGG', Seq('CTCATTAAGTCCATCAGCGA'), 'GGATGCTCTACGTGCGCTGG']"
19,POMK,"[Seq('TGATGAATACTCTGCTCTAC'), 'GAGACAGCTGAAGCGTGTTG', Seq('TGGACTATGTCAGCATCATT'), Seq('AGTATCTGCTAACAAGCAAC'), 'CGCTCCTCGACAATCCACTG']"
20,POMGNT2,"['CCTGCTCGACCTATCCACCG', 'ACTGAGGATCGACTACCCGA', Seq('CTACACTCCCTATAAGACGC'), Seq('TGCGGCAGTTTCCCGGCCTG'), Seq('ATGCTTTTGTGGGCCTCTCC')]"
21,FKTN,"[Seq('CTCATGCGATCCACTTGGTA'), 'TTGCACTGCAGTATCACCTA', Seq('GTGTTTCTTATTGATCCTTT'), 'ACTCTAGGTTTATTGAGTGT', 'GTACCATTCTGGCTGAGCAG']"
22,FKRP,"['GCGCTGCTTCGGAACCGTGG', Seq('CAACGTGCGTCTGGCGCTGC'), Seq('GAGCTGGTAGACTCCTTCCT'), Seq('CCGAGTTTGTGGCCCTAGTA'), Seq('CCCTTCGCGGCTGGGCGGTG')]"
23,LARGE1,"[Seq('TGGTCAAATCCGTCCTGTTC'), Seq('GTGCTATGAGTTCCGGCGAG'), 'CCATGGCCAGCCCTTGGAAG', Seq('GGAGAGAGTCATCGTCCTTG'), 'GACGTGTCTGATCTAAAGGT']"
24,LARGE2,"[Seq('CTTGGTGACTGACGCCGTGG'), 'GGCCGAGCGCTGCTACTCTG', 'AGTACGATGGGAACCTGCTG', Seq('CCGGCCTCACGATGTCACCC'), Seq('TGGGCCGGGGATTTAACACA')]"
25,RXYLT1,"[Seq('TTGGTAAGTTAATACGTAGA'), 'AGAGAAGGAAAGTCAATCGT', Seq('TGGATTAATGACGTGGATGT'), Seq('AGTGGTTACTTTATGCACAA'), 'ATGAACATTGTGATAATGAG']"
26,B4GAT1,"[Seq('TCGCGTTACGAGGCAGCCGT'), 'GGCGATTACCGCGTCTACAG', Seq('ACGGTCCGTGGACCAGGTCA'), 'CTATGCCCTGGTGATCGATG', 'GCTGTCCGTGTCGGTGTTCG']"
27,POMT1,"['GTGGCGACTCACCTACCCGC', 'GCGGTGTCACCAGCTGAGCG', Seq('GCACTCGCGGGGGCCTTGTC'), Seq('CTTGATTCTAGTCTTCCGCT'), 'GGTTCTGGCTAACACTGACA']"
28,POMT2,"['GGGCTCACGGCGCTTCGAGG', 'ACAAGGACTACAACAACCTG', Seq('GGGGATAAATATGAGCATCA'), Seq('CCTTTGCTGTTCACTTCATG'), 'CTTGCACAGTCACTATCATG']"
29,MGAT5B,"[Seq('CAGTGAGGTCGAGTGGTTCT'), 'GGAACCTGCGTACAACCACG', Seq('GCGGGTCACAGTCTCCCTGA'), 'GGTGAAGCGCATGGACGCAC', 'GAGAAGCGGCTCATCAAAGG']"
30,POMGNT1,"[Seq('TGCGGAGATTCTGTCAGGTA'), 'TGTGGCAGTGGATGGCACCA', 'GCCAGAGCAAGACTATGGTA', Seq('CTTTCAACCTGTTTCCGGTG'), 'GCCTTCGTGGGACGAAAAGG']"
31,B3GALNT2,"[Seq('CATCGTTATTACCAGTCTTG'), 'GAAACGTGATAAGAAGCACC', 'GCTTTGAAGGTACAATCGTG', 'TGAGGAAGATGCCTTACTGA', Seq('CCAAGCTGTGGTGTGCAGGT')]"
32,OGT,"[Seq('ACAGGCGGGCTATCGAACTA'), Seq('GTGTCGAAGGCTGGACAGGT'), Seq('TGGGTCGCTTGGAAGAAGCC'), Seq('GTGCTTAGATAAGGTGTGAT'), 'AAATATGAATGGCTATACTA']"
33,OGA,"['TTGGCGAGAGATGTATTCAG', Seq('ACTACGTTGCTATCCACACC'), Seq('TCCTTACGAGCATGGACCCA'), 'GGAATTGAAGTGCTTTGGAC', 'TGTACTCTATAGTCCACAGA']"
34,POGLUT1,"['AGGTAGTCAGACGGAAGCTA', Seq('TGATATCATGTATCCTGCTT'), 'AACTCTACAGCATATTTCCG', Seq('ACAGGTCTTGGACGGTGGGA'), Seq('CAGGTTCCTAAATGGATGGA')]"
35,POGLUT2,"['ATGTCCGTGCAAGCTAACAC', 'AAGCTACAAAAATCTGAAGG', Seq('GCCCGCTATTTCTATATTCA'), 'TAGGTTTATATCAAGACTCA', Seq('GGTGAAAGTCTCAGCACCAG')]"
36,POGLUT3,"[Seq('ACGTATGACATCACCCACTC'), Seq('TTGTTCATTACACGATTCTC'), 'GTAGAGACAGCCGAGAGGAG', Seq('GTGTACCATGAGTACTGTGA'), Seq('GTCCGCTATTTCTACCTGCA')]"
37,GXYLT1,"['GGAAAAACTGGAGTAAACTC', Seq('CTGATGTTTGTGGAATGAAC'), Seq('TGTGCTTCGCAGAGATTGTT'), 'TGCAATGGCACCAGAACATG', 'TCCCTGGAAGAAGGAACGGG']"
38,GXYLT2,"[Seq('CTTTGCTAGGCATCCTTTCT'), Seq('GTGGCCTGACTCATATACAA'), 'CTGTTGGAAACCCTCAGGAG', 'TGTGGACTCACTTCTCTACG', 'ACCCGAGCTCTGGATCCACC']"
39,XXYLT1,"[Seq('CTCGGTCGCCATGCATCAGA'), 'GCCTTCTACTACCTCGGCTC', Seq('CGCCAAGTTCGAGGCGCACG'), Seq('CGATGTTGCTGTGCTGACGG'), 'GAAGTTTAAGACCAACATCC']"
40,CHST4,"[Seq('GCATATCGTGCACCTGGTCC'), Seq('ACATGGAACCTGGTCCCCGG'), 'CAGTCAACAGCCCTTTGAGG', Seq('ACTATGTGATGCAGGTCATC'), Seq('GTGACATCATCCCACAAGAT')]"
41,C1GALT1,"['TCATACTAGACAATTTGAGG', 'TTCATAATGATCCTCATGCA', 'GTAAAGCAGGGCTACATGAG', 'AATGGACAGAATCATCTAGA', 'GTGGGACTGAAAACCAAAGA']"
42,GCNT3,"['AATACTTCCTGAATACATGT', 'AACTGTTCAGGGGTCACCCG', Seq('TATTGCATACTCTATGGTGA'), 'GAGGAATAGCATGGAGTCAG', 'GTCCCCAGAAACTTTCAAAG']"
43,B3GNT6,"[Seq('GCACTTGCTCGACTGGCTGG'), 'GAGCTCATCCGGCGCACGTG', Seq('GCGCGCATCCAGGACTTCCT'), 'GACGCACCGGCCAAGTGCGC', 'GGGTCCCACCGACGCTCCCG']"
44,A4GNT,"[Seq('GTTCCGTAGAGTCTGCTGCC'), Seq('CAGACGTGGCATTGTGTTTC'), 'GCCATCATCTGGAAATACGG', Seq('CCCCTTTTTGTGGGAATGCA'), Seq('CTTCTGTTTGCCTTCTTTCA')]"
45,GCNT1,"['AGAGTGTGGTTTATGCATCG', Seq('TCGGTGGACACCTGACGACT'), 'TCATGTGGACACAAAATCCG', Seq('CTTAGTAAAGAAGAGGCGGA'), 'CATCCCATAAAGAAGAAAGG']"
46,GCNT4,"[Seq('CCCCATAACATTCAGATATT'), Seq('TGCTATATACAACCAGCACA'), 'CTGTTCGGGTATCTATGAAC', Seq('TCATGAACTTAGACGGGTGC'), Seq('ATGGCTGCTCTCTTTGTTAA')]"
47,B3GNT3,"[Seq('CTAGCAACTATGTGCGCCGC'), Seq('CTTCGTGGGGCAACTGATCC'), 'CACAGCCTCCAACCCGCACG', Seq('CCGGCGATCCCCGAGGCCCT'), Seq('ACGCCAGCTTCGTGCTCAAC')]"
48,GALNT1,"['TTATGACATCAGGAGAACAG', Seq('TAGTGTCATTAATCGCTCAC'), 'GAATTTCAGGACACCTACCA', 'TGTCTCTAGGTGTAAAACAA', 'ATGAAGGTCCTGGAGAAATG']"
49,GALNT10,"[Seq('CAGTGTGCTCAATCGCTCGC'), Seq('GTGTGAGGATTCTTCGAACC'), Seq('CATTGCTCGGAACCGCAAGA'), Seq('TTGACTGGGAGATGTACTAC'), 'GAACTCGGCGGGTATGACCC']"
50,GALNT11,"[Seq('CGTTTCACTCGAGGCCCAAG'), 'GAACTTGGACAGTATGATAG', Seq('ACGCGACAGGTATCACTTCT'), Seq('CTGTCGTCCGCGGAGGGTTC'), 'ACAGAGATGTGCCAGACACA']"
51,GALNT12,"[Seq('CGTCGATGTCATCAGGTCAG'), Seq('TCGGACAGTTTACAGTGTCC'), 'GATCCGCGCCAACAAGAGAG', 'ACTGTGAGTGCCACGAAGGG', Seq('CATCTCACTGCACCGCCGCC')]"
52,GALNT13,"[Seq('TGGAGATTGTTACTTGCTCC'), 'TTAGGATGGAAGAACGCTCT', 'TGGGTCAGACATGACTTATG', 'ACTGTGAATGCACGTTAGGA', Seq('GTCAGGTATGTAGATCATAT')]"
53,GALNT14,"['GGACTCCTATCATAGCTGGA', 'TGTCTTACAGGACTACACGC', Seq('CTACGCATCTGATCCGGGAA'), 'GGGACCAGTTTGATGAGCGG', 'TTGCGCAATAATGAACGGCA']"
54,GALNT15,"[Seq('CCCTTTATCTCACTGCGGGA'), 'AGTTACTCAGGAGCAACAAG', Seq('ACAGCCAGCGTCATCCTCTG'), Seq('AGTGGTATCTCCGGTGATAG'), Seq('CGTTCAGCCTGGACCCACGT')]"
55,GALNT16,"[Seq('CTGCGAAGTGAACACCGAGT'), Seq('GCCATTACAGGTACGGCCTC'), Seq('CAGCGGAAGACTGTCTACTC'), Seq('TCGTGGAGGTGAGTTCTGCT'), 'GCACCCCTACAACTTCCCTG']"
56,GALNT17,"['CATGATAGGCTGCTCGTTCG', 'ATGTCCACAAACGCTACCCC', Seq('ACGTGGAATTCACCGCTGGC'), 'CACGGGTGGCCCACATTGAG', 'GGTACGAGAACTCGGCCCAC']"
57,GALNT18,"['GCCCACGTGGAGTTCAATGT', Seq('ACATTGAGCGAGCCCACAAG'), Seq('CTCATTTCCTGACAGCCTGC'), 'TGAGATAGAAGAGTACCCGC', Seq('CTCTGTTTGCACACTGGGGC')]"
58,GALNT2,"['CACCCCTACACGTTCCCGGG', Seq('CATGATTGCTGGTGGGCTGT'), Seq('GCGTGGTGATCACGTTTCAC'), 'ACTGCGAGTGTAATGAGCAC', 'GGACAACTTTCAGTATGTGG']"
59,GALNT3,"[Seq('CGTTGCTTAGAACTGTCCAC'), 'TATGGAAGTAACCATAACCG', Seq('GTCCTTGACCGTCCACCTCA'), 'CAGGTGAGTGTTTCTATGGT', 'ATCAGGTATGGCAATGTGGT']"
60,GALNT4,"['TACCTTGGAACGTATGACAC', Seq('CTGTTATCATTGCTTTCTAT'), 'GGTTAGGGCCCGTCTGATTG', 'GATCCACCCGTGTTCCCACG', 'ACTGGCGTTTAACATTTCAG']"
61,GALNT5,"[Seq('GTGGATAGAGCCATTGAAGA'), Seq('CATAGAGTGCCACTGTCCCA'), 'ACAGGCAGTAGCAAACGAGA', 'TCAAGGAAGACATTGTGAGG', 'GGAATGTAACGTTGGTTGGT']"
62,GALNT6,"[Seq('GCGTGATCATTGTGTTCCAC'), Seq('CGACGTTTGCTGGTGGCCTC'), 'GTCTCCTCTTACATCAGGTG', Seq('CTCCTGGCTCGAATCGCTGA'), Seq('TAGCCGAGGCAACTTTGACT')]"
63,GALNT7,"['GATGAAGATGGGTATGCCCG', Seq('ACTGTGAGGTGGCAGTTAAC'), 'TGGATGAATATATTAAGCTG', 'GATTCAAACCTGTGGTACCA', 'CCTTCATAGATATGGCAGTG']"
64,GALNT8,"[Seq('CACTGTGATTGTGTCTCCTG'), 'GTGGAGCTTAGCCTGAGGGT', 'ACATCTGAATAAACGCTACG', Seq('CTACGATGCACTGCCACAAG'), 'CGACACGCGAGACTACAGGT']"
65,GALNT9,"['GCCCACGTCGAGTTCAACAC', Seq('TCGTAGTGGACCGCGAGTAC'), 'TGGACCAGTACGTCAACAAG', 'CAGTATGCGAACGCCGCCCA', 'CAGACAGATGAGCTACGCCC']"
66,POFUT1,"[Seq('TCCTTGGATTGAGTACCAGC'), Seq('CTGCATGGGTAAGGCCTCCC'), 'GGTGGCATACTGCTTTGAGG', Seq('TCGGGTCATCAGCTTGGAGG'), 'GTGCTTCCTACAGAGAACAA']"
67,POFUT2,"[Seq('CGGACGACGCAGACAGGATC'), Seq('GCGCAGGGATGTCTATATCC'), Seq('TGGTCTGAGTTTTTTGATCT'), 'GTTCTGGCCCGGACAATCGG', 'GAGTATGAGCAGTTCATCGC']"
68,LFNG,"['CACACGCGGGACGTCTACGT', Seq('CAGGCAACGTGGTCATCACA'), Seq('GGGGCGCTGGTCCGCGACGT'), Seq('CGTGGACGATGACAACTACG'), 'GACCTGGATCTCGCGCCACA']"
69,MFNG,"['CATTGCAGTGAAGACGACCC', 'TTCACCGACAGCCCAGACAA', 'ACAGCCCCACAACCGCACGG', Seq('GTGGGCTTAGGCGAGTGTTC'), Seq('CGACGTCTATGTGGGAAGGC')]"
70,RFNG,"[Seq('CGGTCAAGTTCTGGTTTGCT'), Seq('CGTGGATGATGACAATTATG'), 'CCAGCCAGGACGTCTACCTG', 'CATCAACACCAACTGCTCGG', 'AAGACCACCCGGAAGAACCA']"
71,B3GLCT,"[Seq('GAGTTTTGTACCAATGACGT'), Seq('TTGTTACCGCAGTACGTTTG'), 'CAGAAGATATGACCCCTCTA', 'GGAATTCCTAATACAGATAG', 'ATATCAAGGAAAAATGACAT']"
72,SLC2A1,"['CCTGCTCATCAACCGCAACG', Seq('CCATTGGCTCCGGTATCGTC'), 'GACATGGGTCCACCGCTATG', 'GTGTACTGCGGCCTGACCAC', Seq('ATCCTCATCGCTGTGGTGCT')]"
73,SLC2A10,"['AGGGCACGCGATAACATGCG', Seq('TGTCCGTCAGTGGCATAGGC'), Seq('TGGCTTGCTGTATCTACGTG'), 'CTATGCCCTCAACTATGCAC', 'TGTGGGGCTTGGCGCAGTGA']"
74,SLC2A12,"['AGTGGGACGCATTGCCATAG', 'AGCACTCTCAGATACAACTG', Seq('CAATTCTATCAACCAGTCCT'), Seq('CCACTGGGGTTGGAGTCGTC'), Seq('TGGGCGAGAGGTAAAGTGAG')]"
75,SLC2A2,"[Seq('AGGTAATAATATCTCACTAT'), Seq('ACAGCCTATTCTAGTGGCAC'), 'TAGTTGGAGCTCTCTTGATG', 'TCTTGGGCAATTATGATCTG', 'ATTGCTCCAACCGCTCTCAG']"
76,SLC2A3,"[Seq('GGGTCGCTTGGTTATTGGCC'), Seq('CCATCGGCGCGGGTGTGGTT'), 'ATCTCGCCTACTGCCCTGCG', Seq('TCGGACTCTTCGTCAACCGC'), Seq('CTGCTACTGGGTTTTACCAT')]"
77,SLC2A4,"[Seq('CTGATCATTGCGGTCGTGCT'), Seq('CATTGGCGCCTACTCAGGTA'), Seq('TGGGGACGCTCAACCAACTG'), Seq('CATTGGTATCATCTCTCAGT'), Seq('CAGGTGATTGAACAGAGCTA')]"
78,SLC2A5,"['CTTCCAGTATGGGTACAACG', 'CTTGCAGATCTACTACTACG', 'CCCAGGTGTATCTTCCAACG', 'TTTATCGGATCCCTCCTGGT', 'ACAGGGAGGTGGCCGAGATC']"
79,SLC2A8,"[Seq('CGGTCGTCGTGGGTGTCATC'), 'GTGCAGCTAATGGTCGTCGT', 'GCTTCCTGCTGACTCAGCAC', 'TCACCGCGGCCCAGGACGTG', Seq('CATCGGGGCTGAGCAGGTGA')]"
80,SLC35B4,"[Seq('GGTTTCGTCTTCTTGGCTTC'), 'TCACTATACAGGAAGCATCC', 'CCAGCTATCCCAATAAGGTA', Seq('CTGCATATGATATTTAGATC'), Seq('CCATTGCCCTGGTGTCTGTG')]"
81,SLC35D2,"[Seq('ACCGATGTTCACCGTGCTCA'), Seq('CATCGTGCTTGTCAACAAGG'), Seq('CCATAATGATACTATATGTG'), Seq('ACTCTTATTATTAGTGTCTC'), Seq('CAGTGTCTTTGCCATTATTC')]"
82,SLC35A3,"[Seq('CGTTATCTATCTTCTACAGC'), 'AAGAAACAAAACAATCAGTG', 'TGGTCTACAAAGACAGCAGT', 'AAAAATTGGGTGTATACCAG', Seq('TCAGGGATCTATACTCTTCA')]"
83,SLC35D1,"[Seq('CTACTATATTTTGGGAACCA'), Seq('GCTTTTACGGCGTGAGCTCC'), Seq('CACTATGTGTTGGACTTGGC'), Seq('ACCCTGGCCATTGCGTATTT'), 'CTCCACACTCCGAGATGAGG']"
84,SLC35A2,"[Seq('CCAGTATGTTGCCATCTCTA'), 'CTACGCCCGCACGTTGCCAG', 'CTGCTCTTCGCACAGAAGAG', Seq('TAGCTGTGCTGGTGGTCCAG'), Seq('TGCTCATGCTGAATCGCAGC')]"
85,SLC35C1,"[Seq('CTGTCGGTGGTCTTCATCGG'), 'GGTGTGGCCTTCTACAATGT', Seq('CTGTGTCTCGCTCAACGCCA'), 'GTGACCACGCTGCTGTGCAA', 'GTTCCTTAATAAGTACCTGC']"
86,SLC35A1,"[Seq('TCGTTAGTGTATGCTGTTCA'), Seq('TGTACTGCTTTATGCACTGT'), 'CTGGAGTTACGCTTGTACAG', 'ATAAAGTTATTGCTAAGTGT', 'CCATAGCTTTAAGATACACA']"
87,UXS1,"[Seq('CATCGGAGGTGTATGGAGGT'), 'CGAGTTGATTAACCACGACG', 'GTCCGGATGCAGATAACAGG', 'CCACGCATGCACATGAACGA', Seq('CCAAACTACATGTATAATCC')]"
88,AMDHD2,"['GAGGATCTGTGGGTGCGCGG', Seq('CACCGGAGGTTTATCACAAG'), Seq('CATCTTGGCTCCCGGATTCA'), Seq('ACGGGCCCCTGGACAATGTC'), 'TTCATCAGCCGGGAGAAGCG']"
89,GNPNAT1,"[Seq('GTGCTAAGGTATGTGCTGCT'), 'TCTAGGACAGATTGTTGCTA', 'TGAGCATATGAAGAAATCTG', Seq('CTTTGTACTGCTGACTTAAA'), Seq('CAACACATCCTGGAGAAGGC')]"
90,GNPDA1,"[Seq('CACTGGTGCGTTCTTGGATG'), Seq('ATGCTAGGTTCTTCGATGGA'), 'GCCCACCATGGCCTTGACGG', Seq('CCCGGAGAGTTACCACTCCT'), 'GATTGAATACTATAAGAATG']"
91,GNPDA2,"['AAAGCTACCATTCTTATATG', Seq('ACAGGTAATTAACTACTTTT'), 'AAGATTAAAGACTCTAGCAA', 'TTTAATATGGATGAATATGT', 'AACAAAATAAAAGAAGCTGG']"
92,PGM3,"[Seq('CAGGGTATGTCGTACTAGCA'), 'ATGGTGTATTGTCGAAACAC', 'TAGTTATTGGTAGAGATACC', 'AAAATCCACTATAGGAGTCA', 'GACTGCTGGATTTCGAACGA']"
93,GFPT1,"[Seq('CGGACGAGCTGTGCAAACAC'), Seq('GCGTTTGATTCTTATTGCTT'), Seq('TCTGTTGATTGGTGTACGGA'), Seq('TGGAATAGCTCATACCCGTT'), 'GATGGGTCTTCGTTACTGTA']"
94,GFPT2,"['CTGCGCTACTGTAAGGACCG', Seq('TGGCTGTAAGTGTGACACAT'), 'GGAGTACAGAGGCTACGACT', 'GGACGATGACATCGCCGCAG', Seq('CAGAACAGATCCCTATCTTA')]"
95,NAGK,"['CTCAGGTGCCAGATCGGCTA', Seq('CATGATATCGGCTACGTCAA'), Seq('ACTGGATCGCACACCAAGCA'), 'CAGGGCCAAACGGAAAGCAG', 'ATGGACTGAGCACAAACCAC']"
96,UGDH,"['TAGACATGAATGACTACCAG', 'GAAGTGGTAGAATCCTGTCG', 'AGATCCTCACCACTAATACT', 'AGAAAAGCACAGTTCCAGTG', 'TCATATGTGTCCTGAAATCA']"
97,HK2,"['GTCTACATAAGACCGTGCGG', Seq('ACGTGTGTGCTACCCCGGAC'), 'CCACCAGACTAAACTAGACG', 'GCGGACTTCCTCGAGTACAT', 'TCAGATCTATGCCATCCCTG']"
98,HK1,"[Seq('TGGTTAAGATGCTGCCCTCC'), 'TGTGTCAGCCATCGAAAAGT', 'AACCGCCTGCGTGATAACAA', Seq('ACATCGTAGCTGTGGTGAAT'), 'GACCGGGGATCCCTCAACCC']"
99,HK3,"['GGATGCTGCCTACATACGTG', Seq('CGGAATGCGATGTCTCCTTA'), 'CTAGGCCTACAACATCGACG', Seq('ACTGCCTGTCTGAGTTCCTG'), 'GTCTGCGTCAGCGTCGAGTG']"
100,GCK,"['GAGGCACGAAGACATCGATA', 'AGGTATGAGAAGCTCATAGG', Seq('ACGTGCGCTCCACCCCAGAA'), Seq('CGAGGACGCCATGACCGGCA'), 'CTACGAAGACCATCAGTGCG']"
101,UGP2,"[Seq('GGGGCTTGCCTGATAATATA'), Seq('GGATGGATTTCGGAAGCTAT'), Seq('GGTCATGGTGATATTTACGC'), 'AGATAATCTGGGTGCCACAG', 'GGGACACTCACTCAATATGA']"
102,GPI,"[Seq('CGCGTCTGGTATGTCTCCAA'), 'TGGGAGGACGCTACTCGCTG', 'TGAGAAGATCAACTACACCG', 'TGTGATGCCAGAGGTCAACA', Seq('GCACCGCTTTGCTGCGTACT')]"
103,PGM2,"['TGATTCTAGGAGCGTGAACA', Seq('GTGTACCTCTTTTCTGATAT'), 'GACCATCATCCAGACTACAC', 'AATACCCGAATCCCGAAGAG', 'AGAACCGTGGCCTCAAGCTT']"
104,PGM1,"['GGACGGCCGGTTCTACATGA', Seq('ACGAGTGGTGCTCTGGACCG'), Seq('CTGCGAACTCGGCAGTTAAC'), 'CCTGACCTGAAAGTAGACCT', 'GACAGCCAGTCACAACCCAG']"
105,UAP1,"[Seq('CGAGAGGTATTAGGCAGTGC'), 'CGGACGACTGCTGTTCAATG', 'TCGGCGTTGCATATCCTAAG', Seq('CGCCATGAGTTTTGATGGGA'), 'AATGACCAGTGGCAGAACAA']"
106,GALK2,"[Seq('GTGCTTTGGTCTGTTGTGCT'), 'TGCAATGGGACAAAGTACTG', Seq('AAGTTTTATGTTCGAGCACC'), 'TCCTGAACCCTATAACCCTG', Seq('TTGTATCCGTGAGTATTTAA')]"
107,GALE,"[Seq('CTGTGTACGGGAACCCCCAG'), 'TGGCGGTCATCCACTTTGCG', Seq('ACCCTTACGGCAAGTCCAAG'), Seq('CATGCCTTATGTCTCCCAGG'), Seq('GTGGTCATCGATAACTTCCA')]"
108,GALK1,"['GGGCCGCGTCAACCTCATCG', 'GGAGTGATTCAGTACTACCC', 'AGGCCGAGCACAGCTTCGCA', Seq('ACTCTAATGTCCGCCACTCC'), Seq('CCTCTGAGGGTGCCGATGAG')]"
109,GALT,"[Seq('CTGGTCGGATGTAACGCTGC'), 'TGTCAGCTCACCGCATGAAG', Seq('CAGTACGATAGCACCTTCCT'), Seq('TGATGGGCTGTTCTAACCCC'), Seq('CTTCTGGGCAACATGGCCCT')]"
110,GMPPB,"['GTGTCCAATAAGATCAACGC', 'GGAACCCTCCAAGTACGGTG', Seq('TGAGCTACATGTCGCAGGTG'), 'GGAGGGGCAGCTATATGCCA', Seq('ACTCTCTGAGACTGCAGACC')]"
111,GMPPA,"[Seq('GCACATTTATCAGTGACATC'), 'AGGACGCAATCCCTCAACTA', Seq('CCTAGAGCAGGATGTGTTTT'), Seq('CGAGGCATTCTTCGTGCTCA'), 'GGAGTCAGATCAAGTCCGCA']"
112,MPI,"['GGCTGCCGGAAACAACATGG', Seq('GGGCTTGTGTGGCTTCCGGC'), 'GATGGGTTCCAACAGCGAAG', Seq('CGAGGGGATGCCAAGATCCT'), Seq('CTTCAAAGTGCTCTCAGTTG')]"
113,PMM2,"[Seq('AGGGGTACTTTCATTGAATT'), Seq('CTATTGGAAGAAGCTGCAGC'), 'GCTTGGTAGCATACAAAGAT', 'ATGGGACCCTCACCGCCCCG', 'CAGGAGCAACTGGGAAATGA']"
114,PMM1,"['AAGTAGAGTGCAGATCGGTG', 'GGGACGGTGCAGTATAAGCA', Seq('TCATCGAGTTCCGGAATGGC'), Seq('TCACGCCGGCTCGCCAGGTA'), Seq('CAGCTACATGGCCCTGCTCA')]"
115,GFUS,"[Seq('ACCCGATAGATGAGACCATG'), Seq('CACGACAACTTCAACATCGA'), Seq('ACACACGTCATCCATCTTGC'), Seq('GCAGTACGGCTGCACCTTCA'), Seq('CAAGGTGGTGTCCTGCCTGT')]"
116,FCSK,"['GCCAGGCCCTGCATAAGGCG', Seq('GGGTCGAGACTTCCCCTTTG'), 'GAGCGGCCCGCCACTATGAG', Seq('ACATGCTGCTGTCTGTTCCT'), Seq('CACGCGGCTACACGGCTCCC')]"
117,FPGT,"[Seq('CACATGGAGTATTTGTCTTA'), Seq('TGTACATTGATTTCCCCTTA'), Seq('ATGGTGACTTTCTGCAGGCT'), Seq('CAGATAACAGTTTAAAGTCA'), 'TTGTCAACAGGACTTTGCTG']"
118,GMDS,"['AGGTCCATGGAATTGTACGG', 'ACTGCGGACGTTGACGGAGT', 'GAAGACATGAAGTTGCACTA', Seq('CTTTCTATCCCCGGTCACCC'), 'GATTGTGGTGAACTTCCGTG']"
119,CMAS,"['ACATAGTGTGGATATAGATG', 'CTGCAGCGCAACTCTCGCGG', Seq('TGTTTACATCCTACTGATCT'), 'AGAACATTAAGCACCTGGCG', Seq('CGTCGACAAGACTGGGATGG')]"
120,GNE,"['CCAGGCTACACACAATTGTG', Seq('TGATGAACATCCGAATCCTT'), 'ACATGAGCATCATTCGCATG', 'GGAACACCTGTGATCAACCT', Seq('CCGAGTTGCAATAGTCAGCA')]"
121,RENBP,"['TGGACGCAGCAAAAGCAGGT', 'CAGTGAGTGTTTCTACACCA', Seq('CGAACTTCGAGCCCACGTGA'), Seq('CAGGTATGGATGTATTGTCG'), Seq('CGTGGTGGCTTTCTGGATGG')]"
122,NANS,"[Seq('AGGTGTTGGAACGTCACATA'), 'TTCCTGGGGGAAGACGTACG', 'GAGATCGGCCAGAACCACCA', 'GCCCAATGGTGATCTCCAGT', Seq('GCGCATACCCGCTCCAGCCT')]"
123,CRPPA,"['CCAGTGTAGTGACTATGACT', 'TTGGATAAAGGACATTGTTG', 'CTACAAACGAGATCTCTATG', 'CACAGCTGCTAAGGAACACG', 'TTTCAATGGACTAAAAGCAC']"
124,CASD1,"[Seq('CACAGTTGTATGATGCATAA'), Seq('GGTAGTGGTGTTATGTATAG'), 'TGGTCCATCAAGATTCACAA', Seq('CCTGTTACTCTCATACAGAA'), Seq('TGCAAATCTGTTCATGAAGG')]"
125,SIAE,"['AAGGGAGTTGTCTAACACTG', 'AGCTCACTCTGATACGTGGA', 'CCTGTGGGGTCCCTAAACAA', 'TGGCGTGAAACCTTCCACCG', 'AAAGGGGTAGTATGGTACCA']"
126,MOGS,"[Seq('CACGTCTACTTCGGCATGAA'), Seq('CCCTGAACGCTACCTCGGCT'), 'GGTATTGCCAGACATCGGGG', Seq('TACTTTTGCCTGTAGCCCAT'), 'CAAGGAAGTCCTACTACCAG']"
127,FUT8,"['AATTGGCGCTATGCTACTGG', 'CTGGTGTGTAATATCAACAA', Seq('CCATATTTACCCTTGGCTGT'), 'AGAAACAGACCAGAAATGGT', 'GTCAGACGCACAGACAAAGT']"
128,MGAT1,"[Seq('CGGACTTCTTCGAGTACTTT'), Seq('CATCATCGTTAGCCAGGACT'), 'GCCCGACCTGAGCAGCATTG', Seq('GCGGTGATTCCCATCCTGGT'), Seq('CTTCTTCTGGACGCGCCCAG')]"
129,MGAT2,"[Seq('GGGTGAATTTCTGTCCGGTT'), 'GGAGCAGCAATGGGCGACAA', Seq('GCCCGAATACCTCAGACTGC'), 'CCCAGACCAAACATCACTGG', 'AGGCGGACAACCTGACGCTG']"
130,MGAT3,"[Seq('CCGAGTATTTCGTGCGCACC'), Seq('TCGAGTACATCCGCCACAAG'), Seq('TCCACATGCGCAAGTCGCTC'), Seq('TTGTGGTGTGCGAGTCCAAC'), Seq('CGCCGCGTCATCAACGCCAT')]"
131,MGAT4A,"[Seq('CTGAAAGCTATTATCCTGAC'), Seq('GATCTTACTCTGATTGTAGA'), Seq('CATAGAAACTCTTCATTCCC'), Seq('CCTGAAAGCTATTATCCTGA'), 'ATGGCAAAATGGGAAAGGTA']"
132,MGAT4B,"[Seq('CACGGAGATCCATTCTGGGC'), Seq('CGATTACTGCTTCCTCATGA'), Seq('ACCGTCTTCCATCACCTGCC'), 'ACGTTGTGGACGTTTACCAG', 'TCCGTCCCCCATAGTGTCGG']"
133,MGAT4C,"[Seq('TGTGATTGGCTATTGACTCA'), Seq('ATCGCTACCTAGCTGCCACA'), 'TGGCTATTGACTCATTTCCG', 'AATGGTTATACATGCTCCAG', 'AGAGCTGAAGGAAATTTCAG']"
134,MGAT5,"[Seq('GCGAATGGCTGACGCATGGA'), 'TGGCAAGTTGGAGTCGAAGG', Seq('CCTATGGACGGCTACCCTCA'), Seq('TGACATTAGGATTTCAGCTT'), Seq('GGGTTCATTACCAGTAAGTG')]"
135,EDEM1,"['CAGATGCGCGACCTGGCACG', Seq('CATTTGAGTGGGTGGCCAGA'), 'GGGATTCCATATCCTCGGGT', Seq('CTTGAAATCTTACATTCTCT'), Seq('TCCACTCTATGTCAACGTGA')]"
136,EDEM2,"['GAGCCGGTCAGATATCGGGC', Seq('CGCCAGATCCCGCCCACTAC'), 'TCTGTGCCATCTGTAGTGGT', 'TGTGGGTTCAGATGTACAAG', 'TCTGACTCTAATTGATGCAC']"
137,EDEM3,"['AAATATGCTAGAGTGCCTTG', Seq('ATGTCTTGCTTGGAGATGAC'), 'CCGGCTTTCAACACTACCAG', 'TCTTTGGACACTCTTGTGGT', 'TGATTTCTAGGTGTTAAAGG']"
138,MAN1A1,"[Seq('GCATTTGGAGTTTATGCACT'), Seq('CAATCGGGGTGGAGAGCCGG'), 'GGATCCGCGAAAACCACGAG', Seq('GCATTTCATACTCCCTCTGG'), Seq('GACGGAGAAGTTCGTGCTGC')]"
139,MAN1A2,"['GACCCGATGAACATAGACAC', 'ACAGATCATACATCTGTCGG', 'ATGAACTCAGACCTATTGCA', 'CCACCTCAGCTACTTGACAG', Seq('ACTGGGATTCCTTGGGCAAT')]"
140,MAN1B1,"[Seq('CGGTGGACCTCCGACAGCAC'), Seq('CCTCATCGGGACTTCATCTC'), 'GCGGTGATCGAGCCTGAGCA', 'GGATACCGCAAGTTTGCATG', Seq('GGGCGTATTCACGCTGGGCG')]"
141,MAN1C1,"['GGTGAACATCCGCTACATCG', Seq('CACTGAACTCTCTGGCAACC'), Seq('GGTCTGGAAGTGGTGGCTGA'), 'GCTATAAGCGTTATGCAATG', 'GATGTCGGGCAAGACAGATA']"
142,MAN2A1,"[Seq('CGGTCCGGCTGGGCTATTGA'), Seq('CATTCCCATAACGACCCAGG'), 'TGGTTGTGGATTATGGTACC', Seq('ATGAGGTATGTTGTAGCCAT'), 'CTACTGTGAATACACGGAAT']"
143,MAN2A2,"['GGAACAGGAGCGATTCAGCA', 'TATGACGTCCCCCATACCTG', Seq('GTGCTGAGCGGGGATTTCTT'), Seq('TCCTGACGGAAGCTCGGCGC'), 'CAGCTGGAGATTGCGACAGG']"
144,PRKCSH,"['GGAACAGACGAGTACAACAG', Seq('ACACTGGCTATAAGCCCCTG'), 'TGGCCGAGGTCACCCGCGAA', Seq('CTTTCTACGACCGCGTCTGG'), Seq('CCATCCCATTTGATCAGGTC')]"
145,GANAB,"[Seq('GGGTTGATATATCTTCCAAC'), Seq('CGATACCGTGTACCAGATGT'), Seq('TGCTTGAGCGCTTGGCTTCT'), Seq('GGATGTGCATAACATCTATG'), 'TTGCTTAGTGTCAATGCCCG']"
146,UGGT1,"['TGTGTTGAGGAATGAAGCTC', 'GGGCAGTGATCAGCAATGGA', Seq('TCGTTCTTACTCAGCTACAA'), Seq('CGAATCAATTCTAGGATTTT'), 'TTAGTAATCATATACCACTA']"
147,UGGT2,"['GAGTACAGAATACAAAGCAC', Seq('CTGTGCCTAAGCGTGCATCT'), Seq('TCGTGTTGATATGGATGTTT'), 'CAAGTGTTCATAGTCGGTTG', Seq('TCCATAAGGCGCAATTTTCA')]"
148,MANEA,"[Seq('GTGTTAGAGCATTGGGACCC'), 'CCAATCTGTTAACCACCTCA', Seq('CTGAACAATTATCTACATGT'), Seq('GCCTTTTACAGGTACAAGAC'), Seq('TCTTCCAGAACTTCATCAAC')]"
149,GNPTAB,"[Seq('ACCTTTAGTTCACCTGCTAT'), Seq('TGGATTAGTGCTAATGCAAG'), Seq('ATGCCGATTGACGTTGTTTA'), 'AAAGTGAATGGTCATGACCA', 'GTTCAAAATGCAGATAACAG']"
150,GNPTG,"[Seq('GCGTCTACGCGCTGACGTTC'), Seq('CAGTGTACCCAACCCTGCCA'), Seq('TCCGCTGGAACGCCTACAGT'), Seq('TGCATCTCTTCCGACTCTCG'), Seq('CAGGTACAAGTATGAGTTCT')]"
151,NAGPA,"[Seq('CCGCGACGGGACCCTGGTCA'), Seq('TCGTGTCGCACTTCAGGGAC'), 'CCAGTTACCCGTCAGATCAC', 'TGCCGTGTCGCCCAGAACGG', 'GACGGCCAAACGGAGCAGCG']"
152,M6PR,"['GATGAATATGACAACCACTG', Seq('GGGTTCAGACACATACATCT'), 'ATCGACACACCCTAGCGGTG', Seq('CTTTGAGATGGATAGCAGCC'), 'TGGACTGCTACTACTACTCC']"
153,IGF2R,"['GGACAGACCAGGATTAGCGT', Seq('TCGTGAGCGCTGGCGAATAC'), Seq('CTGGAATGCGTAGTGACCGA'), Seq('CTATGAAATTGAGTGGATTA'), 'GTGTGCACTACTTTGAGTGG']"
154,HEXA,"[Seq('GCGCTATCGTGACCTGCTTT'), Seq('GGATGTAACCAGCTTCCTAC'), 'AGGAGGTCATTGAATACGCA', 'GAGGAAGAAAGGCTTCGGTG', Seq('TGGATTACTGACTCCTTGCT')]"
155,HEXB,"['AGAGTTTGGGGAGCATTACG', Seq('CAATTCCACGGCGGGCCCCT'), Seq('GGGCATACACTATCTTGGGG'), Seq('AGGTTTTCTCACAGAGGAAT'), 'TGAATTCCAGGCTAAAACCC']"
156,GLB1,"[Seq('CGATCGAGCATATGTTGCTG'), 'AGGGCCAGTTATAACAGTGC', Seq('CCCTCTATGATATACTTGCC'), Seq('CGCTTCTACTGGAAGGACCG'), Seq('CCAGCTACGACTATGATGCC')]"
157,NEU1,"[Seq('CGGGGCACTCTTCTCGCCTT'), Seq('CCTGGCGCTACGGAAGTGGG'), 'CTGCGGAGGTCCATGGACCA', 'AAGGGCCGCCTCATCGTGTG', Seq('TGTTGGTATGGAGCAAGGAT')]"
158,NEU3,"['TGATGGAAGCCACACTACCG', Seq('TGCGTATACCTACTACATCC'), Seq('TGGTAGACTCATTAGGCCCA'), Seq('TGTGCTATATTGCAGTGCCC'), 'TTGCAGAGAAGCGTTCTACG']"
159,NEU4,"[Seq('CCGAGAGTGTTTTGGCAAGA'), 'GAGGCCGTGCAGATCGCCAC', Seq('CGGGATGACAGTTGGTCAGT'), Seq('TGGCGGAGCACCGGTCCATG'), Seq('TTGTGGAGCAGCGGCTCAGC')]"
160,FUCA1,"['TTGACGACAAAGCATCACGA', Seq('CAGTTCACTGCGCGCTTCTT'), 'GTGGTAGTAAATGACCGATG', Seq('GAGCTGTACGACCTTGTTAA'), 'GTTCGACGAAGCCAAGTTCG']"
161,FUCA2,"['GTAGTCACCAATGATCGTTG', Seq('GCGTGGTTTGACCAGGCCAA'), 'AGTGAACAACTATCAGCCTG', 'GGAAAAGATACCGAAGTATG', Seq('GCGTTTTGGACTGTACTATT')]"
162,AGA,"[Seq('TGGTCGTCAACACTTGGCCC'), 'TGGAGGGCATTAGCATCTGG', 'CCAGATCCCTCAAAATACTG', 'TGCAGCACTACTATGGATGT', Seq('CCACATTTGCTCAAAGTATG')]"
163,CTBS,"['TTGGTCACAGATTACAACTG', Seq('TCGTGAAATTGAGGGATCAC'), Seq('CCCGATTCGCCACCATCCAG'), Seq('GAGTAGTACTTAAAGGTATG'), 'GCCAAAACACAATATATGGA']"
164,MAN2B1,"[Seq('CGGACCTCTTCACTGGTAGG'), Seq('ACCAGTTCTGGACCGGTTAC'), 'AATATGAGAATGCCAACATG', 'TCATCGTTTATAATCCCCTG', Seq('CACAGGAAGTCGTGCGAGAC')]"
165,MAN2B2,"['GCAGCGCCGGTTCATCGCTG', Seq('TGGGTAAGGCAGAGTCCCAG'), Seq('CGACTTCCTGCCCTATTCCA'), Seq('CGTCAACGGGGATGTGAAAC'), Seq('TGACTGTTGGTTTCCCTGGA')]"
166,MANBA,"[Seq('GGACCGAGTAACCTCTGAGT'), 'CTGAATATGGATATCAGTCC', 'GAGCTTTGATATTACCAACG', 'TACGTCCAGTCCTACAAATG', 'TAATGACCTTAACTACAGAT']"
167,NEU2,"[Seq('ACCGGGAGTGGTCCACCTTT'), Seq('CTTGTATGACGCGCAGACGG'), Seq('ACGCCTACCGGAAACTTCAC'), 'TGCTGGCCTTCGCGGAACAG', 'GGTGGCCGAAGTCGAGACTG']"
168,ENGASE,"[Seq('TGCTCGTCCGGGGTGTGATC'), Seq('CGGCTGGGTGTATGAGTGTC'), Seq('CGGACTTTGTTGTGTCATGA'), 'TCTTCACTAACTATAACTGG', 'GCCTGGGCATGGGTGCACGG']"
169,MAN2C1,"['TGGGTGAAGAGCCGCTACCC', 'CGACAGCTTCGGACCCACGT', 'TCATCGTCAACACACTGCCC', Seq('TTGGCTACTCAGCACAGCTC'), 'TGAGCGGATCCTGCACGACG']"
170,SLC35B2,"[Seq('CATCTTACTGGCAGGTTATA'), 'CGGCAGAGACCACCCCGATG', Seq('GCTTTATGGTACCTGGCTAC'), Seq('GGTGCTAATGAACCGAGTGC'), Seq('ATGTACCGGTACTCCTTTGC')]"
171,SLC35B3,"[Seq('TACCTTAGTGCAGTTTGCCT'), Seq('CACATCAAGTCAGTTGACGA'), 'TTCTAACTGTGGGTACTATG', Seq('TGGCCTGATATGGTTTACCC'), Seq('TGGCACTATGTGCAGATGCC')]"
172,CHST2,"[Seq('CGCGGTGGCGAGTTCACGGA'), 'GCTATTCAACCAGAATCCCG', Seq('CAAGTACCGCACACTAGTCA'), Seq('CCGTCGGGGCGGCTCCTGCA'), Seq('TAGGAAGGCGCTGGTGTTGT')]"
173,CHST5,"[Seq('GCGGCGAGGATCGTGTGCAC'), Seq('GCGTGGCATGTGTGGACCAC'), Seq('CGCTCAACCTGCGCATCGTG'), 'TCACCTGCGCCTGATTCGCG', 'CCGATACTGGCACGCGACAA']"
174,CHST6,"['TAGCCACGTACGCATCGCCG', Seq('GCGCTCAACCTACGCATCGT'), Seq('CGTGGCACGTGTGGACCACC'), 'GCTGGGCACCAACGGCACGT', Seq('GTGCGACATGGACGTGTTTG')]"
175,CHST14,"[Seq('CGTAAGTGACCGTTACCGCT'), 'CTGCTGCTCATGATCGAGCG', 'AGAGTACCAGCAACGCTATG']"
176,GBGT1,"[Seq('GTGGTATGGTAAGGAGACTG'), 'GGAGACATCCATGCGCCGGA', 'ATGGTGTTTCGGAACCCGTG', Seq('GGTGCACTACTACATCTTCA'), Seq('TGGGGAAGTGAGTAGTGGGC')]"
177,CMAHP,"['ATAACATGGACCCCTCGACC', 'GACTGCACCAGACCCAATGG', Seq('GCGGGATCCTGACATATACC'), Seq('TGGTTAATCGGTCCTGCTTT'), 'AATATGTGCAAGCACCAAGG']"
178,GCNT2,"[Seq('CGCTGTTGGACGGACTAAAT'), Seq('TGGAAGTATGTCATCAACAC'), 'AGGAGTCGGTTGTCTATGGG', 'GTGACCATCCACAAAGACTT', Seq('CATGACATGGTGATTTACTT')]"
179,HAS1,"[Seq('CCACGTACGTGTGGGACGGC'), Seq('CCGGGTAGGGGCTGTTGGTG'), Seq('CCGATCGCTACGGCCTCCTG'), Seq('CTGTGTATCCTGCATCAGCG'), Seq('CGCGCAGTGTGGCGCTGACC')]"
180,HAS2,"['CAGCAGTGTAAGATATTGGA', 'TGACAGGCATCTCACGAACC', 'GGCTAAACCAGCAGACCCGT', 'TGAAAAGGCTAACCTACCCT', 'ACGAAGTGTGGATTATGTAC']"
181,HAS3,"['GAGCAGCGTGCGGTACTGGA', Seq('TCGGCGATTCGGTGGACTAC'), Seq('CACTAAGTACCTCCGGTGGC'), 'GTGCATTGCCGCATACCAGG', 'GTGGCGCAGCAACTTCCATG']"
182,HS2ST1,"['TCATAAGGGATCCTATTGAG', 'GTGGCCATAGCTCCGAATGC', 'GTCCCGCTCGAAGCTAGGTG', Seq('GTGATGTCATTGCAAGATCA'), Seq('GGATTTTATCATGGACACGT')]"
183,HS3ST1,"[Seq('CGCGTATTTCACGTCGCCCA'), 'CAAGCCCTACCCGTCCATCG', Seq('TCGGAGCGCGTGCTATCTGA'), 'ATCATCATCGGCGTGCGCAA', Seq('CAGCTAGTGCCTTCCCGCCC')]"
184,HS3ST2,"[Seq('CGACGCATCTTCAACATGTC'), Seq('CGGGCTGGATTGGTACAGGT'), 'GGAGTTTATCCGAGTACACC', Seq('GTGCCATCTCTGATTACACG'), Seq('TCCGCAACCGCACCCTGGGC')]"
185,HS3ST3A1,"['TTCGACCGCAGCTACGACAA', Seq('CGTCGTGGGGCTGTCCGGCG'), Seq('CGCGCGCATCTCGGCCATGT'), 'CTCCGGGGCCGGAAGCACCG', Seq('CGCGACGACGGCGAGGAGGC')]"
186,HS3ST3B1,"[Seq('CATTTCTTCGATCGCAGCTA'), Seq('CACACGACCCGCCAGCCCTG'), Seq('CCGGTGAGGAGGAAGCTCGC'), 'ATCATCGGCGTGAAGAAGGG', Seq('TGCGCGCATCTCGGCCATGT')]"
187,HS3ST4,"['GGTGAGAAACCCCGTGACCA', Seq('CCGCTGGACAACGCGAGCCA'), 'ACTACGAAAAGGGGTTGGAG', Seq('CCGACGAGGATCTCGCAGGC'), 'GCCGTCAGCACCCCCGACTA']"
188,HS3ST5,"[Seq('CAAGAGCTATTTCTGATTAT'), 'TGTATCTAGTCGCCAGAGTT', 'TGAAATGCTGAACCTACATC', Seq('TGCAGTTTAAGCGTGGCCTG'), 'ATTATGGTAAGGGCATTGAG']"
189,HS3ST6,"['CCCGGACACGAAGCTGATCG', Seq('CACTTCTTCGACAGGTGCTA'), 'CCTGGATGGGCAGATCACCA', 'CAGACGCTCTCCAAGACCCC', Seq('TGCTGGAGTTTCTGCGGCTG')]"
190,HS6ST1,"[Seq('ACGCCTGAGGAGCTGCCGCC'), Seq('CCGCGAGACTTGGCTCTTCT'), Seq('CCACTACGAGAAGAAGTACT'), 'TGTCCCGCTACCTGAGCGAG', Seq('CGTGCAGAACGTACGCCTCG')]"
191,HS6ST2,"[Seq('CCACTTGGTGCGTAACATCC'), Seq('TGCATGTCTGCGATGGAAGG'), Seq('CCAATACGTGTGCCCCGGCA'), Seq('CGCTACAATTTCACCCGCGG'), 'CAGCTGTGTGCCCTCCGTGG']"
192,HS6ST3,"['TATGGATTGCACCTACAACC', Seq('GTGTCACGTTACCTGAGCGA'), Seq('GCTTCGTGGATTTCAACATC'), 'GGAAGACGAGCCGGACCCCG', Seq('ACTGGACGGAGCTCACCAAC')]"
193,EXT1,"[Seq('CTCTTTTCTAAGGATCATCC'), 'GCAGACACAATTCTTGTGGG', 'TGTGATGCTCAGCAATGGAT', 'ATATCACGTCCATAACGGGG', 'AACATTCTAGCGGCCATCGA']"
194,EXT2,"['TCTACGTGGACTTACCGGCA', Seq('TCCATCGATGTGCTTAACCA'), Seq('GGTCTTCGATTACCCACAGG'), Seq('ACGACCGAGTAGAGAGCCTC'), 'GACAGTCCCATCCCAGAGCG']"
195,EXTL1,"['CCTGAAGCCCACCCGTTGCG', Seq('TTGAGGGCTCTCGCTTCTAC'), Seq('TCTCCGAGGTCATCGACTGG'), Seq('AGTTTCTATGGGATGCCTAC'), 'ATGCCTCTGCAATGGAACAG']"
196,EXTL2,"[Seq('CGTATTATTACTGGTAGCTG'), 'CGTAGGGAAATAAAATCCCA', 'AAATCTGCACAAAGTGATTG', Seq('ACCCTATCCCTGTGATCTTC'), 'CAGGATGAGAAATCGACTCC']"
197,EXTL3,"[Seq('CGTGTTACCGAGGTTCATTT'), Seq('CCGCAATTTCACTCTGACTG'), Seq('CGCTTGGTTATTTCCTCTGG'), 'TGACTTGGTCGTATCACCGC', 'CCAGACCGAGCATTCCTACA']"
198,GNS,"['GCATGGTGAAAACTATAGTG', 'GGAACTGCAGTAGTAAGTCC', Seq('CATTCGCCTTGGACAGCTGC'), 'TCAGACAATGGCTATCACAC', 'GGACTAGAACACGTTCCTCT']"
199,HPSE,"['GAATGGACGGACTGCTACCA', 'TGGCAATCTCAAGTCAACCA', Seq('TCGTTCCTGTCCGTCACCAT'), 'GAAACAAGCTCTGCATATGG', Seq('GAGGCTTGTCTCCTGCGTAC')]"
200,ARSK,"[Seq('TGGTTAATCTTATCCGTAAC'), 'GTCATATACTCCTCAGACCA', 'TAGATCCAAATTATACAACA', 'GGAAGGTTAACATTTCATCC', 'TCTTATACAAAAAACTGCAC']"
201,GUSB,"['CCAGGACCTGCGCACAAGAG', Seq('ACGCTTTCCGTACCAGCCAC'), Seq('CCGTGGACATGCCAGTTCCC'), Seq('TGCCTATCTGTATTCATTGG'), 'ACCAGCGTGGAGCAAGACAG']"
202,IDS,"[Seq('CTTGAGTGCTTTGGACGATC'), Seq('ATGTTCCCCTGATATTCTAT'), Seq('TACCGATGATTCTCCGTATA'), 'GATGTGCTGGATGTTCCCGA', Seq('CACATCCCCTTCAGATACCC')]"
203,IDUA,"['TGGCCAGGAGATACATCGGT', Seq('CGACGGTACCAACTTCTTCA'), 'CTACTACGATGCCTGCTCGG', 'CTGGACAGCAACCACACGGT', 'GAGGGCGGACGTGACCTACG']"
204,SGSH,"['GTTTGACTTTGCGTACACGG', 'CCGGAGCACCCAAAACGCTG', 'GCCGCTCAGTACACCACCGT', Seq('TCGACAAGGTGCGGAGCCTG'), Seq('CAGTACGGAACCTTCTGTGA')]"
205,HGSNAT,"['ATGACTTCTATACTGCAACG', 'AGCAGGACAGACCCTCTCGA', Seq('GCACGGATCTATCCTGCAGC'), Seq('TGGTCCATGTAAGTACTTTT'), Seq('TTCTCTTCGAGACATCACGT')]"
206,NAGLU,"[Seq('CCCGGCGGTATGGGGTCTCC'), Seq('GTGTATACCCGCACTGCCTC'), 'GGAGCGAGAGATAGACTGGA', Seq('GCATTCGCGGGGCATGTTCC'), Seq('TGTCGGTGGAGCGCGCTCTG')]"
207,ARSG,"['TCCGCTCAACGAGACCACCT', Seq('ACATGCACGTGCCCTTACCT'), 'TCCAGCCAAGCAGACGACCT', Seq('TGATATGGGCTGTACTGATA'), 'TCTAGGAGACAATGGCCCGT']"
208,HYAL1,"['TCGATGTGGTAGCCAACCCA', Seq('CCGTCTGGAATGCAAACACC'), 'TGTGGCCGAGGCATTCCGTG', 'GCTGGCAGTCATCGACTGGG', Seq('AGCATCTACATGCCCGCAGT')]"
209,HYAL2,"['GGAGACACTGCGTTATGTCA', Seq('ACCATGCACTCCCAGTCTAC'), Seq('TCTTCCCGTCTGTCTACCTG'), 'GGAGCACTACATTCGGACAC', Seq('ATCTTCACTGGCCGGCCCTT')]"
210,HYAL3,"['CTGGGCATCATAGCCAACCG', 'CACTGATGGAGGATACGCTG', Seq('AGCTTATCAGGCAGCCTCTT'), 'TCTATCCCTACTTTGGACCC', Seq('CTTCTCTGTGCTGTGGAATG')]"
211,HYAL4,"['ACAGATTGGGATACTATCCG', 'GGGAATATTGGCGACCACAG', 'TATTTGTCTACACAAGGCTA', 'GGAATTAAGAGCCGACCCAA', 'GCCCAGAAGACGAAGTCTTG']"
212,CEMIP2,"[Seq('CCGTGCATTCTATAGTCATT'), Seq('CGTGTTGCTGCTCTAATTGA'), Seq('ACCGATAGGAACAACTCCAT'), 'AGAAGCCTCGAACATTACCC', 'GGTGACGTGGATTATAAAGG']"
213,SPAM1,"['AGCCCCCGAATAAACGCCAC', 'ACAGGAGTAACTGTGAATGG', Seq('TCCATTTATTTGAACACTCA'), Seq('CTTCCGGTTTTTGCATATAC'), 'CTTCGGCCAAATCACTTGTG']"
214,NAGA,"['CCTGAAGTTGGGTATCTACG', Seq('CTGGCGTAACTATGATGACA'), 'ATCGGTGGTCGCGATGCCAG', Seq('AGTGGAAGGTAGACATGCTC'), Seq('TGACATGGTACCAGGATGGA')]"
215,GLA,"[Seq('GGGGGTTGGAATGACCCAGA'), 'CAAGGACGCCTACCATGGGC', 'GTTGGAAATAAAACCTGCGC', 'TCCGACAGTACTGCAATCAC', 'TCCTTGGCCCTGAATAGGAC']"
216,GALC,"['GCCATGGAGTGGGCACTACG', 'ATTATTTCCGAGGATACGAG', Seq('CCCGACTTCTAGTAAATTAC'), 'GTGGTTGATGTTATAGGGTA', Seq('AGCGTTACCATGATTTGGAC')]"
217,GBA,[]
218,GBA2,"['GTGGTACCGGAAGACCCATG', Seq('CTATGCACTGTGCCGATACG'), 'GGCGACGGTACCTGATGAGT', Seq('TGGAGCGCCCAAGTGTCCTC'), 'TCTTGAGGACTCCCTACCAG']"
219,GBA3,"['TGGATCTACGTGGTACCATG', 'ACCCCGAGTCCCTTACACAT', Seq('CCGGGTATCCCTCACTTTGG'), 'TCTTGATGACACTCAACGCT', 'GCCTCCATGAGTCAAAAGCA']"
220,PIGA,"['GGCATCCGTTACCTCACCAG', Seq('CATCATTTGTGTGTCTTATA'), 'TCTTCCACGCCAAGACAATG', 'CCGTACCCATAATATATGCA', 'AAAGATACCAGCTGCATGAC']"
221,PIGC,"[Seq('CCCATTGGCTTTTAGGGACT'), 'GAAGAGTGGGCAGACCCGGT', 'GAAATACCAATATTGGGCTG', Seq('TCTTTGCTTCTGTATGCTTG'), Seq('GTGCTGAAGACCCTTACAGA')]"
222,PIGH,"[Seq('CGGCTCTCGCTGCGTTCGCT'), Seq('TCTGCGAGGTAATGGCAAGT'), Seq('CGTCCTGCCGGGAATTCTGC'), Seq('GCACGGTGTGGCTGGCGGCC'), Seq('CCTGGCGCTGCAGCGCCGCT')]"
223,PIGP,"[Seq('CGTGTGGGCCTTTATTCCTG'), Seq('GTCTACCTCCTTATTGCTAT'), Seq('TCCATACAATCACAGGTAAC'), Seq('CTCGACTCCATCCATACAAT'), Seq('TCGCCATTGCCAGAAAGAGC')]"
224,PIGQ,"[Seq('CACGCTAATCTTCAGTACAC'), Seq('CGTGCGGCTGAGCCACTGGC'), Seq('TCGTTCCTGTGGCTGACGTG'), 'GATGAACCGTGCACTGGACC', Seq('ACCGTCCTGCCCGACCGCCA')]"
225,PIGY,"[Seq('ACGTTGACTGTTCTTATTCC'), Seq('CTGGTTTCTTTAGCAGGACT'), 'TGTGGAAGAAAACTTCCCAC', Seq('GCTCTTGCCTATTACCATAC'), 'ACTGTTCTACTCAGCCTCTG']"
226,PIGL,"[Seq('GTGTAATGATTATTGACAAC'), Seq('CCTAAGGCACTGGGTGTACC'), 'CAGGTGGTGACTTTCGATGC', 'GCAGTGGGACACAGAGCACG', 'TCAGGAAATTACTACAATCA']"
227,PIGW,"[Seq('CGGCATTACTGTATTATACC'), Seq('GTGCGTTTACTGCTATTGCT'), Seq('TGGGGTATGTGGCAATACAC'), 'TGTTGTCCTAATAGTTCCCA', 'TGTATCAAATATACCGAAGG']"
228,PIGM,"[Seq('CGGTAATGCGGACTCTATTG'), Seq('TGGTTTTCTATGGCGTCTTC'), Seq('CCGTCAATTCCGGTACACTT'), 'CCGCGCGCTTCGTCACGGAG', Seq('TACTTCTACATGCTGTATTT')]"
229,PIGX,"[Seq('CGATTGTGGTCAATAACCCA'), Seq('TCTCTTAATTAAACAGGACA'), Seq('CAGGTAAGTTGCCTGTTGAT'), 'GGCCCCTAACTATTTGTCCA', Seq('GTGCACTGCCGCTATCATCG')]"
230,PIGV,"['AACTGTTGAGACCCTTACGG', Seq('GGGTTGTCTGGTTTTGCACT'), 'CAGGATGTCTACTGGAATGT', 'AGGCTTTGTGGACCAACTCG', Seq('TCTTTCAGTATTATGCCTAC')]"
231,PIGN,"['TACCGCTATATGCTTACCGC', 'GATGTCAGTGCAGTTGCCAA', Seq('TCCTCGAGGTAATTTAATAT'), Seq('CTGCCAATATGGTATGCGGT'), Seq('TAGGTCTCCCTTTGCAAGGA')]"
232,PIGB,"['TAGTGTCAAATACTCATCCC', Seq('GGTTCACATGGTATTGCTGT'), 'TTTAACGTGCTGCAGAACTG', Seq('AAGCACTTCTGTCTGCTGTA'), 'GGGAATGGACAGAGAGACTG']"
233,PIGO,"[Seq('ATCTCAGGTTGACCCTCCTA'), 'GTGGTATGGAGCTTGTGTGG', Seq('GGTGTCCCGATTTCTTCATA'), Seq('CGCCTTGGCACTTCAGCCAC'), 'GACCTAGACACAGTGGACAA']"
234,PIGF,"[Seq('TGCTTATGTTTGTTAGGACC'), 'TGGAGCACTTCCTATTCCAC', 'TAGGACCAAACCTCAAAGCA', Seq('TCACTCTTCTTGGAGAACTT'), 'TATTGGAAACACACTTGACA']"
235,PIGG,"[Seq('ACAGTTACTATGCCTCGAAT'), 'TCAGAAGTCCTATTCAACCT', 'AGGTGGATAATAATGTCACG', Seq('GTGTCTAGCTCTGAGCCAAG'), 'GCACGTCCAACAGACGGATG']"
236,PIGZ,"[Seq('CGGACAGCTGGTATTTCTCC'), Seq('TCCGCAGACGGGCTATGTGC'), 'GTCTGGTTCCTACGTCACCC', 'CGAGACATGGCACGCACGCG', 'GTATCCTCCCATGTAACGTG']"
237,PIGK,"['GCCGCTAGTCATATCGAGGT', 'AGTGGATTATAGAAGTTACG', 'AATTACCAACATAGAACTCG', 'GGCTCTAGCTAGTAGTCAAG', 'AGAGGCTAGGTATTCCTGAC']"
238,GPAA1,"[Seq('GGTTCTTGGCGCTGGTTTTC'), Seq('GGGCAGATTTATTGGGCCAA'), Seq('GCACCGAGTCGCTTGTGCTC'), Seq('TGCGTGGCATCAATAGCTTC'), 'CCTGGCTTGAACGGACGATG']"
239,PIGS,"[Seq('CGCTTTGACTCAGCTTCCTC'), Seq('GTGCTCAACTTTCTACTCTA'), Seq('CTCTGGTGGAAGACCACGGA'), 'TGAGCCTCAGGAACAAGCGG', Seq('TCAGTTTACTCAACCCAGAC')]"
240,PIGT,"[Seq('AGCGGTACGTGAGTGGCTAT'), Seq('CGGGAGGTGGTCTGCACCGA'), Seq('CTCTCAACTTCATCGACTCC'), Seq('ACCACTACATATCAGGACGT'), 'TATTTGATGCCTTCATCACG']"
241,PIGU,"[Seq('CAGCTATCTCTTAAATCCTT'), Seq('CGCAGTCTATGGCTTTATGT'), Seq('TGTTTGTCCCAGGACTCCTC'), 'GAGTATGCCATGATGTATGT', 'TGGCCGAGTTCATTTCCGAG']"
242,MPPE1,"['AGGGAAGTGGAGCACCCCTG', Seq('GTGTGGACCTGGGCCTCTGC'), 'GAGCGTTCCAGACAGCTCTG', 'CAACAGCGTGGCGCTGAACG', 'CCCAAGTCATGTACAGCTGA']"
243,PGAP4,"[Seq('TCCACTATTTTGAGGAGCTT'), 'TCAAGCTGTATCACCCCGAG', Seq('GCAGGTTGTGTCCCAGTTCC'), 'CCAGCTCTTCATCCTAACAG', Seq('TCTGCGGGCTCGCTTCTCTG')]"
244,CALR,"['CATGAGCAGAACATCGACTG', 'TAATCCCCCACTTAGACGGG', Seq('GTTTCGAGCCTTTCAGCAAC'), Seq('GAGCATATCCCTGACCCTGA'), 'GCGGCCAGACAACACCTATG']"
245,CANX,"[Seq('ACCCTAGATGTGAGTCAGCT'), 'TAAAACACCAGAACTCAACC', 'AATACTGGTTGACCAATCTG', Seq('AGCCTCTCATTGTTCAGTAA'), 'GAAGAGGCCACAAAACCCGA']"
246,DNAJB11,"['AGTGAATGAAGAACGAACGC', 'GCAATTGTCGGCAAGAGATG', 'CTGACTAGGTGAGCCTCACG', 'ACTTTGGAAGAAGTATATGC', Seq('CTCGTCAGCAAGACAGAAAT')]"
247,DNAJC10,"[Seq('TGATTTAGCTCCCACAGTAT'), 'CTGCCAATGACAAAGAACCA', 'ACAGTGACAGAACTTTGGAC', 'ACTTTCGGCAAACACACTAG', 'ACTCAGGCTTAGTGGCATGT']"
248,ERLEC1,"[Seq('CAACTCAGCGATGACATCCC'), 'GATGACACCATACTATCCTG', 'TGTGCAGTCATCCTAAATAT', 'TGGACTTACGAAGTATGTCA', Seq('TGGGAATATGTTGGCCAAGA')]"
249,HSP90B1,"['GAAGCTTGTTCGTAAAACGC', Seq('ACATCTGCTCCACGTGGTCT'), Seq('AGCCGAAGTTAACAGAATGA'), Seq('AGCACATCTGGGAGTCTGAC'), 'TATTTATGTATGGAGCAGCA']"
250,HSPA5,"['AATGGCAAGGAACCATCCCG', Seq('CACGTGGAATGACCCGTCTG'), Seq('GCGTCGGCGTGTTCAAGAAC'), Seq('ATGCAGTTGTTACTGTACCA'), Seq('TCGATGTGTCTCTTCTCACC')]"
251,HYOU1,"[Seq('CCATGTAGCTCTTTACCAGG'), 'TATCCTGACTACGAGTCCAA', 'ACAGATTTGACCGTACCCTG', 'CAGATGAAGCAGCCGCCATG', 'TCAGCTATGGTGTCTTCCGC']"
252,OS9,"[Seq('CATGGAAGGTAACTCACTCC'), Seq('ACGTTCAGAGGCAAGCCGGT'), 'CCAAGTGCGACCTTAATGGG', Seq('TTCGCACTCCTCGGCTCTGC'), 'CCTAGGTGCGAGCCCGACCA']"
253,LMAN2,"['GTGACTGCGGATATAACTGA', Seq('AGCGCGTGTTCCCGTACATC'), 'CTGGCTGTGCGCTACTCCCG', Seq('GTACGTACGTCTGACCCCTG'), 'CCTACGACCACAGCAAGGAT']"
254,SEL1L,"['AGTGATATCTCGCTAACAGG', 'GCAACCCAGTTGGACAGAGT', 'TGAATGTACATCAGATGGGA', 'CATGAACCATACCAAAGCCC', Seq('TGTACTATAGTAAGTAACAC')]"
255,B3GALT5,"['CCAGGAGAGCCAGCGACACG', 'AGCTCCCAGATACAGACTGC', 'GCATGGCCATCCGGCAGACG', Seq('GGTTTTTCACTGGCTTCTTG'), Seq('CAGGCGGCGTTTGTGATGAA')]"
256,GAL3ST4,"[Seq('CTTTCGATTTGGGGTCTTCA'), Seq('CTACGCTCGCAACTTACTAT'), 'TCCTGAAGACACATAAATCC', 'GTAAAAGGCTACCGCCCACA', Seq('TCCGCAAGTCACCATCTTTG')]"
257,GAL3ST2,"[Seq('CGGACGTTCTACAACGACAG'), Seq('GCCGGCTCACGCGTCCACCT'), 'CGTGCGCGCGCGCATCGCCG', Seq('GTGTTCCAGCTGGAGTCCTC'), 'CCTGAGGTTCAACCTGCCTC']"
258,GAL3ST3,"[Seq('TGTTCGAGTCGCTCTTCAGC'), 'CGTACCCAACGCCTCGCTCG', 'CATGTTCGCACACAACACGC', Seq('CGCAACTTCTCGGCGCACTT'), 'GCGCCCCAAGCACATGACTG']"
259,A4GALT,"[Seq('CTGGCCGACTGGTACGCGGC'), Seq('GTGCTCTCCGACGCCTCCAG'), 'CGGAACCTGACCAACGTGCT', 'ATGATCTACTGGCACGTTGT', Seq('CCAGAACTCACCCCGAATCC')]"
260,B3GALT4,"[Seq('CTTCTGTACTTGGGCCGGGT'), 'TCAGAGCTGGTCTTGCGAGG', Seq('CGTGTGGGGTTCCCAGGGGA'), Seq('CGTATCAGAGGAGCAGTGGC'), 'AACGCCATTCGGGCTTCGTG']"
261,UGT8,"['GTGGACCCTAATGATATGTG', Seq('TGCACGAGAGAGGCCACCAT'), Seq('GTGGATGCTGTGTACTGACG'), 'CCAGCCCACTACCAGAAGTA', Seq('AGGGATCTTTAACAGTACCA')]"
262,GANC,"['TGGATCACAAAAGTATGGTA', 'ACATTCCTTATGATGCCATG', Seq('GCAGTAGAGGTGAGCTATTT'), Seq('GGATTTCACCAATCCCAAGG'), Seq('CTCAGGTAATCTAGATTGAT')]"
263,GAA,"[Seq('CTGGACGGGGGACGTGTGGA'), Seq('CGCAGTATATCACAGGCCTC'), 'AGCTACAGGCCCTACGACGA', 'CCGTTCATGCCGCCATACTG', 'GGACGGCGGGTCGGCACACG']"
264,HPSE2,"[Seq('CCTAGATGGGTAGGTCAGAT'), 'TGGCTCGATTTCCTAAGGTA', 'AATAACTATCGGACCATGCA', 'GTGGTTAATACATACACTCC', 'GTCGTAATCCCAATAACTCC']"
265,UGT1A10,"[Seq('CAATGATCTCTTAGGGTTCT'), Seq('CTGTGGTCTTCACCAGGGGA'), 'TTACTCAACCTCGTACACTC', 'TGCCGAGGCAGGGAAGCTGC', Seq('GTGGTTTTCTTGACTTATTT')]"
266,UGT1A10,"[Seq('CAATGATCTCTTAGGGTTCT'), Seq('CTGTGGTCTTCACCAGGGGA'), 'TTACTCAACCTCGTACACTC', 'TGCCGAGGCAGGGAAGCTGC', Seq('GTGGTTTTCTTGACTTATTT')]"
267,UGT1A4,"['TTGTCAGCTATGCATCCGTG', 'AGACCCCGTTAACCTCTGTG', Seq('CTGTGGGGCGGTGCTGGCTA'), Seq('CTTATGCAAGTCTTGCCTCT'), Seq('TGTGGCTGTTCCGAGGGGAC')]"
268,UGT1A6,"[Seq('GGGTCATGAGATTGTAGTGG'), Seq('TGGAGCATACATTCAGCAGA'), Seq('CTGGCTTAGTATGAAGGATA'), 'CCGGGGTCATGAGATTGTAG', 'TAGTATGAAGGATATAGTTG']"
269,UGT1A7,"['GGTGGTCGTAGTCATGCCAG', 'GTTCTCTGATGGCTCGTGCA', Seq('CTGGTTCACCATGCAGTCGG'), Seq('TCCCCTATATGTGTGTCTAC'), Seq('GTGCCTATGGTAAGTTATCT')]"
270,UGT1A8,"[Seq('GGGGAATAGCTTGCCACTAT'), 'TGGAGAAACTTATCCTCAGG', Seq('ATGGATGGGAGTCACTGGTT'), Seq('TTGCCTATGGTAAGTCACCT'), Seq('ATGGTAAGTCACCTCTCCTT')]"
271,UGT1A9,"[Seq('GGGGAATACTTTGCCACTAT'), Seq('ATGGTAAGTTATCTCTCCTT'), Seq('TTGCCTATGGTAAGTTATCT'), 'CTGGTTCACCATGAGGTCGG', 'TTATTCAACTTCATATACCC']"
272,UGT2A1,"['AGTAATCAAGGACTTCCACA', Seq('TGTGGCGATATAGTAGCTTT'), Seq('ATGTTCCTGCTGTTTTATCA'), Seq('CTGGTGCACTTTTCATCACA'), Seq('ACTACGTTATGTGAGACTAT')]"
273,UGT2B10,"[Seq('TTGTGTACAGTCACAGCTTC'), 'GCAGATGCTTATTTACCCTG', 'TCATTTGAAAGGCACAGTGG', 'AGGTTCTTTGGAGATTTGAT', Seq('ACTACATTATCTGAGACAAT')]"
274,UGT2B17,"[Seq('TTGCCTAAGGTGAACATATT'), Seq('CTTCTCTGTTGGCTACACAG'), Seq('ACATGATTGCATCAGCCCTT'), 'AGCATATGATCTGAAGAAGT', 'GCTTGTTCAGAGGGGTCATG']"
275,UGT2B28,"['GAGGAATTTGTACAGAGCTC', Seq('CCTTCCTACATACCTGTTGT'), 'AATGTGTGATATGAAGAAGT', 'GGACCGGTGAATACAGCCAT', Seq('GTGGGAATTTCATGACATAT')]"
276,UGT2B4,"['GCAATTGAAAAGCATAGTGG', 'ACCTGCCAAACCCCTACCGA', 'CTGGATGAACTTGTCCAGAG', Seq('ACTACGTTATCTGAGACAAT'), 'TCAGTAACACGTCAGAAGAA']"
277,UGT2A2,"['GTTCTCTCCAGCATCAACAG', 'TATATATTTCAGTCCTACTG', Seq('CGTCCATACTTACCTAATTT'), Seq('CAGGTTTTATGGAGATACAA'), Seq('CTCACAATATGGGCTTTCTA')]"
278,UGT2A3,"[Seq('TCCACATTAGGAGCCAATAC'), 'ATAGACCCTGTGATTCCCTG', 'GCAATATGGAGCGAAGCTGT', 'GCTCATAGTGAGAGGCCATG', 'ACTACATTATGTGAGACTGT']"
279,UGT2B11,"['AGGTTCTGTGGAGATTTGAC', 'AATGTCTGATATGAAGAAGT', 'ACAATTGAAAGGCACAGTGG', 'GTTGTGGAAAAGTGCTGGTG', Seq('CTTTACTCCTGGCTACACAA')]"
280,UGT2B15,"['GCAGATGCCCTTAATCCCTG', 'TACACATTTGAGAAGAATGG', 'GCTGTGGAAAGGTGCTAGTG', Seq('CTGCCTAAGGTAAATGTATT'), 'CAATGGGGAAAGCTGAAATG']"
281,UGT2B7,"[Seq('TTGTGTACAGTCTCAGCTTC'), 'TCATGCAACAGATTAAGAGA', 'CAATGGGGAAAGCTGACGTA', Seq('ACGTAATTGCATCAGCCCTG'), Seq('TGCCTAAGGTAAACATACTT')]"
282,UGT3A1,"[Seq('CCCTCAAGGAGTGATATGGA'), 'TAGCTACATAGAAACAGCAT', 'AAAGAATGAGAACTATGATC', 'AATCCTGACAATATCTACAC', 'GTGACTATGCTTCATCAGAG']"
283,UGT3A2,"['AAAGAATGAGAACTTCGACA', Seq('ACCCCAAGGGGTGATATGGA'), Seq('TTGATTTTGCTCGACCTCTG'), 'ACCATGCTTAACCACAAAAG', Seq('ATCCCCTTGTCTTATGTTCC')]"
284,B3GALNT1,"[Seq('CCCTTCAGATGTGAAAGCCA'), Seq('CACTACAATGTGATAGAACG'), Seq('CAATGCCAAGTACGTAATGA'), Seq('CCTGCTGCTGTCACTCCTGA'), 'GGTGAAAAAAAGTCTTGGTG']"
285,B3GNT5,"['TGGATTGGTCGTGTTCATCG', 'CTCTTAAGCACACCTCAGCG', 'TGTCCTATGAAATGTACCAG', 'TTCCGGAATTAGAAGGACGT', 'CTTAGGAACTCCTAATCCAC']"
286,B4GALNT1,"[Seq('CCGTTATGATCGGCTACGGG'), 'GCGCGTTAGTGGCCCCTACG', Seq('AGGTGAACCTGACTGCCTCC'), Seq('CTACGCACACATCCCGGTCA'), 'CCGAGCTATTGACCTCACCA']"
287,B4GALT6,"['GACCGGAACTATTACGGATG', Seq('TTCCGTAATCGCCATGAACA'), 'TTTCAATGTGGGCTTCAAAG', 'TCAAACAACAACGTATCTCC', 'GATTTAGATATTGAGCCAGG']"
288,UGCG,"['TGATAGTGGAATAAGAGGTG', Seq('TTGTGTACAAGATCATGATG'), 'CCGATTACACCTCAACAAGA', Seq('CTGAAAGGGGTAGATCCTAA'), 'TGGCCAAAGCGATAGCTGAC']"
289,GAL3ST1,"['CATGCGCTTCCACTACGACG', Seq('CTCACGTGGAAGCTCTCGGC'), Seq('CGGCGCAACATCGTGTTCTT'), 'GATCGCTACTACGACCCCAA', Seq('TCCCTAACGGCCGCAATGAC')]"
290,XYLT1,"[Seq('CCGAGTAGACAGAAGGAGCT'), Seq('TGGATGGCGGTTCGGACTGG'), Seq('TGGAGTACATGCCAGCCAAC'), 'CAGGACAAATGACCAGTTGG', Seq('GTGCTAAGTCCAAGCACTGC')]"
291,XYLT2,"[Seq('CGGTGCGAATCGCCTACATG'), 'CCAGGGCTATGATAACGTGC', Seq('CTGACTATCCAACCAGGTGT'), 'AGGACACAGACAGTTCAGCA', Seq('CACGGAGATACAGGGAGCGT')]"
292,B4GALT7,"['CACTACAAGACCTATGTCGG', 'TGACCTGCTCCCTCTCAACG', 'CGGGCAGCGCTCATCAACGT', Seq('CGGAAGTGTTCCGTCTTCCA'), 'TGGGAAGAAGACGCATCCTG']"
293,FAM20B,"['GTATAGCCGAGACCATGTGG', Seq('CTTATGACTCTGGCCCGCGC'), 'CAGAAGCACCGTCACCCATG', 'TTGAGCACCTTCCTAACTGT', Seq('CGGGAAGTGTACCCTGAAGA')]"
294,B3GALT6,"['CGGACGACGACTCCTTCGCG', 'TACCTGCCCTACGCGCTGGG', Seq('GCGCTGCGCGACGCCTACGA'), 'GTGTGGGCGCGCTTTGCCGT', Seq('CAGCACGTGGCTTGCGCGGC')]"
295,B3GAT3,"[Seq('ATGCCAGGTATGGGCTCTGG'), 'CGTTAGATGCGCTGGACCCG', Seq('CCTCTACGCGCTGGTACAGC'), Seq('CGGCTGCATTGGCTGCTGGT'), 'GGGCAGCAGCCGAGCAGCTA']"
296,PXYLP1,"['AAAAGCCGGACCCTACAAAG', Seq('CGCATCATTTTAAGCTGGTC'), Seq('CCTGATCCCGGTGTCGACTC'), Seq('CTGTGACAGACCCCGTTTAT'), 'AGAAATTGACTGCACTCTGG']"
297,CHSY3,"['CAGAGTTAACCCCATGCACG', 'TCAGTGTGTCTGGTCTTACG', Seq('CCTCGACAGAGCCTCAGTAG'), 'ACCGCACCATCCAGCTCCAC', Seq('GGGGAATATTGAAGAGCTTG')]"
298,CHSY1,"['AGATCCAGTACGGCTACCGC', Seq('CCTCGAAGAGGAATGGACTC'), Seq('TGGGTCGAAGAGTGAGCACA'), Seq('ACCCTACCAGTACAGGCTCC'), Seq('CTACGGGGTGTGGACGACTC')]"
299,CHPF2,"['CGTGGCTGTGAACCGTACGG', Seq('CGGATTGTCCCCTACTACAG'), 'TCAGTGCCCGTCCTGACGAG', 'CGGCGCTTCGACCCAGCACG', 'GCAGAGGAGTTCATTGGCGC']"
300,CSGALNACT2,"['CGTGGACGAGGACTAAATGT', 'CAAACTACCCAGTGAGTATG', Seq('CAGACTGATGGAAATGCATC'), 'AGACAAACGAGATGAATTGG', 'AGAAGAACATTATCAGACCA']"
301,CHPF2,"['CGTGGCTGTGAACCGTACGG', Seq('CGGATTGTCCCCTACTACAG'), 'TCAGTGCCCGTCCTGACGAG', 'CGGCGCTTCGACCCAGCACG', 'GCAGAGGAGTTCATTGGCGC']"
302,CSGALNACT1,"['CGTGCCTCTAGCAAAAAGGG', Seq('CAGAGTATGCAGCAGTGCCT'), Seq('CAACTACGTGAGCAGCCTGA'), 'CTGCACCCCAAAAGGTGACG', 'CGGGGAAAGGGACTTGATGT']"
303,SULF1,"['GCTTACCGATGATCAAGATG', 'AGACAGCCTGTGAACAACCG', Seq('TGGTTACCATATTGGGCAGT'), 'GCTGTATATCTTAACAACAC', Seq('CATAGGCCCGTTATGATGGT')]"
304,SULF2,"['ATCGTATACACCGCCGACCA', Seq('GCGGATATGGACGGGAAATC'), 'ACTGGATCATGCGCTACACG', Seq('CACTGGCAAGTACGTCCACA'), Seq('GCGTGTGAAGGACCTGTGTC')]"
305,EOGT,"['GCAGCTATGTCGACATGGGA', Seq('CGCATGAGGTATGGGCTGTT'), Seq('CTGTATAACTATGCCAGCAT'), 'GTGACCTATTCTCCGACACA', 'GTTATATACCAGATTTAAGG']"
306,B3GNT2,"['CAACGCAGGGAACCAAACGG', 'ACTACTGCGAACCTGACCTG', Seq('TCCCGAGGCATACTGGAACC'), Seq('TCACTCCACATTTTGCCAGA'), 'AGCACCAAGACATTCTTATG']"
307,B3GNT7,"[Seq('CCACTAACTGCTCAGCCAAT'), Seq('CAAGTGGCTGGACATCTACT'), 'GAGGCCATCCGCCAGACCTG', Seq('TGACGGTGTTCCAACGCAGT'), 'TGAACCACCCGGAGAAGTGC']"
308,B3GNT4,"['TGGTCACGTGGAGCGACGTG', Seq('CAACGTGTTAGAGTTCCTGG'), Seq('CGTCACAGCCGGTGTCCACC'), 'AGGGACCGGCGATGCTCTGC', Seq('TCTCTTCTTGACCTATCGTC')]"
309,B3GNT8,"[Seq('CACCGTGAGTTTTGTCTTGC'), 'TGGCCGTCAAGTCAGAACCA', Seq('TCGCTACAGTGACCTGCTGC'), Seq('CCGAGATCCCTGACTTCGCC'), 'GCCTCAAAGTGTACATCGAG']"
310,DPM2,"[Seq('GGGTGATTCTCTTGGTATGT'), Seq('CGTCGCCGTTAGCCTGATCA'), Seq('CGAGCCTATGCTGTCGCCAT'), Seq('GCCATTCATCGACAGTCAGC'), 'CTATGCTGTCGCCATCCCAC']"
311,DPM1,"['AGAACCTGCCGCTCATCGTG', 'TGGAAGCCCAGATGGAACAA', Seq('CAGGAAACTACATCATTATT'), 'AAGACCACGAGAGAAAAAGT', 'GTCTCTGGAACTCGCTACAA']"
312,DPM3,"['CCATGACGAAATTAGCGCAG', 'GGGCACTGTGGGCTATCGTG', Seq('TTGTCCTGCCAGGAAGTCCT'), 'GCCTACTTGCTGGTGTCCGC', Seq('GCCTACTTGCTGGTGTCCGC')]"
313,ALG5,"['CAAAGTACGTGTGATAACCC', Seq('AGCATATGGGACTCACCTAC'), Seq('GCGTTCACTTATGAAGTGAT'), Seq('TCGTTGCATTTACAACTGCT'), 'AATCAAATGGCTATAGCATG']"
314,DAD1,"['GCTGTATATACTGCTGACCG', Seq('AGCGGGTAATGGTTCTATAA'), 'TCGGTTACTGTCTCCTCGTG', 'CGGGCTTCATCTCTTGTGTG', Seq('CTCCGCAGCGTCTGAAGTTG')]"
315,DDOST,"[Seq('GCTCCGACATTGGTGAGTCC'), 'CCCGGACAAGCCTATCACCC', 'AGGCAACTATGAACTAGCTG', Seq('CTTTCGAGGTGTTGGGTGAG'), 'CCTGTCTCTCATAAAGTATG']"
316,RPN1,"[Seq('ACGCGCTCTGAGGACCTACT'), 'TGGAAGACCCATTACATCGT', 'GTCATTGAAGTCTCTCACTG', 'TGAGGACGTGAAGCGCACAG', Seq('ATGTGCTTCATCCGTATCCA')]"
317,RPN2,"[Seq('TGGATAAGGATCAGAGCATT'), Seq('TCCATTAAGGAGGTACCTAT'), Seq('CTGTAGGGTAAGTCCTGATC'), Seq('CGCTGGATCGCCCTTTCACA'), Seq('CGTGCCAGTTGTGGTTGTGC')]"
318,STT3A,"[Seq('TGGACGGGGCGTTTCTACTC'), 'TCATAGGTCTCGTCATGGGG', Seq('CGTCTTCATGTTTCCAGGTA'), Seq('CCATCGTCACGTACCACCTT'), 'GGTGCGTCTAATGCTAGTGT']"
319,STT3B,"[Seq('ACTTTTAGCGGCCTTACATC'), Seq('ACGACTTGGGTGTCTTTCTT'), Seq('CGAGTTCGACCCGTGGTAAG'), 'TACAGCAAAAGAGTCTACAT', Seq('GTCGTGTGTATGCTGTCTGC')]"
320,ALG3,"['TATGACTATACCCAACTGCA', Seq('CGCTACACGCTGCTGGTGGC'), 'GCGGCTCTTCAATGACCCAG', Seq('CTGGACAGTGAACTGGCGCT'), 'CCGAGGCACTGACATCCGCA']"
321,ALG9,"[Seq('CAGCATATGCCATTCGCTCC'), Seq('GTGTATCCACTTATATGTCT'), Seq('TGACTGGATGGTATATGGAC'), Seq('ACCACTGACTTCTCTTATGG'), Seq('CATACTATTTCTGGTGAGTT')]"
322,ALG12,"[Seq('CGCGGTTTACGTGCTTTCGC'), 'CTGTCCCTACACCAAAGTGG', 'CAGAAGGACGCACGCGCCGA', Seq('GCCTGTAGGTACGTAGCTGC'), Seq('CTGTTTAGGTAAGTCAGTCA')]"
323,ALG6,"[Seq('GGTTGATCGTGGATTATTTG'), Seq('CGTCACATCCAATTAATAAT'), Seq('GGCCTTATTCTTATAGACTA'), Seq('CCTATGTTTGGTGATTATGA'), Seq('ATGTGCATATGTGTAAGTTT')]"
324,ALG8,"['CTGTAGATGGGTCTATTCGA', Seq('CATAGTAAGGGACTCGCACG'), Seq('CAAGTCTTTTCCCGACTCTT'), 'TCCTAGAAAAGGCATATGGA', 'GGCAACTTCAGAGTGGACGT']"
325,ALG10B,"[Seq('GGTGTCAGTTGGAGTGGTCA'), Seq('TCCTTGGATTTTGTGGCTTC'), 'CATTGCACAAAAGTTAACTG', 'GGCGCTGCGAGAGCCCTACA', Seq('CAAGTATCCAGAGAGTCTTG')]"
326,ALG10B,"[Seq('GGTGTCAGTTGGAGTGGTCA'), Seq('TCCTTGGATTTTGTGGCTTC'), 'CATTGCACAAAAGTTAACTG', 'GGCGCTGCGAGAGCCCTACA', Seq('CAAGTATCCAGAGAGTCTTG')]"
327,DPAGT1,"[Seq('CTCCTCATGGTCTATTTCAC'), 'TCCTGTACTATGTCTACATG', Seq('GGGCTTTGCGGATGATGTAC'), Seq('CAACTGGTAAGTAGGCCTGT'), 'TGCTGGCATGACCTTTGCCG']"
328,ALG13,"['ATGACTATGGCTTACGGCAA', 'AAAAGGAAAGCCACTCGTAG', Seq('GAGCTATGATAACTTCTCTT'), 'AGATAATGGCTATGAAGACA', Seq('CTTTCGGGCCATTTCGGAGC')]"
329,ALG14,"['GTTCCATGGACGTTACGCCC', 'TCACCACCTTGCACTCCATG', Seq('GCGAATATGGGTAGTGCTTC'), Seq('GGAGGTTCAGCAGTCCTGGC'), 'TGATAGAGACCCTAGTAACA']"
330,ALG11,"[Seq('CTGTTTAAGTATATAGGGGG'), Seq('TTGGGGAATCAGACTGCTGC'), Seq('GCGATGTTAATGTCAACGGT'), Seq('AAGTCTAGGATCCATTTTTC'), 'CCATACTGCAATGCTGGTGG']"
331,ALG2,"['TGGACAGCGCACTACGACCC', 'GGAGAGGGTTCATCTGATCG', Seq('CCGTCTGCGCCTACGTGCGC'), 'TGTTCAGGCTGGCTAGACGG', 'GGCCCCAATTGACTGGATAG']"
332,ALG11,"[Seq('CTGTTTAAGTATATAGGGGG'), Seq('TTGGGGAATCAGACTGCTGC'), Seq('GCGATGTTAATGTCAACGGT'), Seq('AAGTCTAGGATCCATTTTTC'), 'CCATACTGCAATGCTGGTGG']"
333,ALG1L,[]
334,ALG1L2,"['ACATCCAGGTCTGCATCCCC', 'GGTCTGCATCCCCTGGCTGG', 'CTGAGGACCCAGACACAGAG', 'GGACCCAGACACAGAGCGGT', 'TGTGACCGTCTACGACAAGC']"
335,CHST3,"[Seq('TGGTGTACCGCGACGTGCTC'), Seq('CGTTCGTGGGCGAGTTCTTC'), Seq('CGTCTGTACGCCCTTCGTCA'), Seq('TGAGCGAGCTCGATTCAGCC'), 'TCCAGCTGGTGCGCGACCCC']"
336,CHST7,"[Seq('GGGCGAACTCTTTAACCAGC'), Seq('CTGTTGCGTGATCCAGGCCT'), Seq('ACCCGTGGCGATACGCGCCC'), Seq('CTCCGTATTGGACGGCGGCC'), Seq('CTGGCGGACTAACAAGGTCA')]"
337,CHST11,"['GCGCCACAAGCCGTAAGCGG', Seq('CAGTCATGCGGAGGAATCCC'), Seq('TCCACAAGCGGTACGGCACC'), 'GGAACTCTACAACCCAATCC', Seq('TTCGAGAGGCTAGTGTCCGC')]"
338,CHST12,"[Seq('CTTCGTGCGCCTGATCTCCG'), 'GGAGCTGAGCCACCTGATCG', Seq('ACCGCGACCCGCTGCGCATC'), Seq('CGCACTTCTACTTGCACACG'), Seq('ACTCCGATGTCGACGAGTTT')]"
339,CHST13,"[Seq('TCCAGAGGCGCTACGGTGCA'), Seq('TCCTGTTCGTGCGGGAGCCC'), 'ACAGGACCCGCGCTCGACCC', 'GTGCTGGTGGACGACGCGCA', Seq('CGCTCCTGCTCCTATGCGCC')]"
340,CHST14,"[Seq('CGTAAGTGACCGTTACCGCT'), 'CTGCTGCTCATGATCGAGCG', 'AGAGTACCAGCAACGCTATG']"
341,CHST15,"[Seq('CACTTCTACATCATAGGGCA'), 'GCTGCGAGACCGCTATCCCG', Seq('CCACGATGTGGGATAATAAT'), Seq('TGGTAATGGCTTCTTACATC'), Seq('CTGTTGGTACGAGGAGTTCT')]"
342,UST,"['CAAGTGTGGGAGCCGTACTG', 'CTCCTCTATCAGCTCAGCGG', 'ATCCCGAGTGCTCCAACCCC', Seq('CCTAGTAAGGTAAGATCTTT'), Seq('GGACTACGGCTTCTGCATGG')]"
343,DSEL,"['ATACACACATTCCCTAACTG', 'GTGGCTTAAGTGGACTGGCG', Seq('CTCATGGGGCAAACAGCTTC'), Seq('CCTTTAGCATTGTACTGTTT'), Seq('ATGGCCAGTATACAGGAAGC')]"
344,DSEL,"['ATACACACATTCCCTAACTG', 'GTGGCTTAAGTGGACTGGCG', Seq('CTCATGGGGCAAACAGCTTC'), Seq('CCTTTAGCATTGTACTGTTT'), Seq('ATGGCCAGTATACAGGAAGC')]"
345,GALNS,"['TCTTGGGCACCAGTCAGCGA', Seq('CTTTGGACCTTATGACAACA'), 'CTGTCACCTCCACATAGCGA', 'TCAGCAAGATTGTCGGCAAG', 'GGGAGCCTGCCCTCGCATGG']"
346,ARSB,"['GACCTAGGCTGGAACGACGT', 'ACTGTGTTTCAGATAACGGA', Seq('GCCGAGGATTTGATACCTAC'), 'TATCTCTGTAAGATCCGTAC', Seq('CTGTTTCTCTACCTTGCTCT')]"
347,PLOD1,"[Seq('ACGCCGTTTGTGTCCCTGTT'), 'GGAGCAGATCAATATCACCC', 'CTGATCCAACAGAACAAGTG', 'GCTGGAGACCAAGTATCCGG', 'GTGGCCACTAAGGAGACCGA']"
348,PLOD2,"[Seq('CGGTTTCTGGACATATTGTT'), 'TCAACCGTATAGTTCAACAA', 'CAGACCTTAAATGGAGCTGT', 'TGTACCCAATTCATGGACAC', Seq('TCGATTTATGCAGTCAGCCA')]"
349,PLOD3,"['TCCCAGGCCTATGTGATCCG', Seq('CAATTCTGGTGGTGAGTGGC'), 'GTGGCTCGAACAGTTGGTGG', Seq('CGGGTGTTTCTGGCCGTGTT'), Seq('CACATCGCTGACTCCTGGCC')]"
350,COLGALT1,"['GGACAAGATGGGCTTCGACG', 'ATCCGCAAGCGAGACCGCCG', 'GATGTATGTGTGCAACAAGG', 'GAAATCAGCTCGAGACATGT', 'GGTGGCTACGGACCACAACA']"
351,COLGALT2,"['TCCTCCAGGCCTCTAACAAG', 'GGCAGCCCTTCGAACTGCGA', Seq('CCCAGTATGTCTCAGTTGTC'), 'GGCGGTCCTCGCCCGCAACG', Seq('CAGACTACGTTCAGATTCGA')]"
352,PGGHG,"['CGTGAGCGGCGTGTACAATG', 'TCTGTATACGGCTCACGCAC', 'GCTGTACTACCATACCACCC', 'GGAGTACCGCATCCGCACGC', 'CCCCGACGAGTACCATTCAG']"
353,B4GALNT2,"['ATACCCAAGCTATACGACCC', 'ACGTGACATACACCAGCACG', Seq('GAGTATTCGAGAGTATTACC'), Seq('CTGCACACGGTTCCCATCCC'), Seq('GGCCATATCTCAGGTCACCA')]"
354,B4GALNT3,"['CAGTGGCGACGGAACGACCC', 'CATAGATTCGCACAACCCTG', Seq('CAATGACTATACCCGCCTGA'), Seq('CCCGCTGACATGCTTCGGCC'), 'GTACGTACCTGTGTTTGACC']"
355,B4GALNT4,"[Seq('TCGTTTATCCCAACGACTAC'), 'CTGCACAAGCAGGACGACCG', 'CCCATCAGACACCCCCATGG', Seq('CAGACGACAACTCGGAGTTC'), 'AAGCTGACCAGTGAGACCGA']"
356,CHST8,"['CGTGTCCCGTATCTTCGTGG', Seq('TCCGCGACAAGTTTGAGCAC'), Seq('TCCACTATGGCAGCGCTCTC'), 'GTCACTCGGGACTTATCCAG', Seq('TCGCCGTCTGCTCATCAAGA')]"
357,CHST9,"[Seq('CTTCATGTATTTGCAAGTCT'), 'AGTGAGTACAGAAAAAATCC', 'TATTGTGAGGTACCTAAGGC', 'AAGACCAGTCATTCACAAGG', 'TGTGTTTGTTCGTGATCCCA']"
358,CHST10,"[Seq('CGGTTTGAGCCTTGGTACAG'), Seq('TGGTCTACATGGAGCGCCTG'), 'TTCTGCCAGACTCCCAAAGT', 'AGGAACCGGACAGAGACCCG', 'TGAGGAGATCCCCGAAAACG']"
359,FUT3,"[Seq('TCCTGATCCTGCTACGGACA'), 'CGACCGCAAGGTGTACCCAC', Seq('CACTGCTATTTCAGCTGCTG'), 'CTGGAAGCCGGACTCAGCCA', Seq('GGACAGATACTTCAATCTCA')]"
360,FUT4,"[Seq('CGCGTCCTACGGAGAGGCTC'), Seq('CCGGCTTGACGTGTACGGCG'), 'CTGGACGCTCTCCTACCGGG', 'GCCAACCCCGTCGCGACCGG', Seq('GCGCTGGGTTTGGATGAACT')]"
361,FUT5,"[Seq('GGACGGATACTTCAATCTCA'), Seq('CTGGGATATCATGTACAACC'), 'GGCAGTGGAACCTGTCACCG', Seq('CACCCTACTGATCCTGCTGT'), Seq('ACTGCAACATCACTGCCGAC')]"
362,FUT6,"[Seq('CCGAGAGGTCATGTACAACC'), Seq('CTGTGTACCCTAATGGGTCC'), Seq('CCAGGGTGCGCTACTACCAG'), Seq('CAGGGAACCATGATGGAGAC'), 'TGGCAGCTGAAAGCCATGGA']"
363,FUT7,"[Seq('CCATGGAGTCTCCTAGCCAC'), Seq('TGCCAATGGACGGCCACTGT'), Seq('GCGCGACTCGGACATCTTTG'), Seq('ACGCCGTGGTCTTCCACCAC'), Seq('ACGATCACCATCCTTGTCTG')]"
364,FUT9,"[Seq('TCTCACAACGGACCGTTCAC'), Seq('ACCATATCTACTTGTAAATT'), Seq('CCGTGATTCAGATATCCAAG'), Seq('TCGTGTTTGAAGTGCCAAGC'), Seq('AGACATCAGTTGGGATCTGA')]"
365,FUT10,"[Seq('CTTCTATGGTAAGCAGGACT'), 'CTGTGACCCACCATCAGACA', Seq('CATTATGCTCTGGTGGTCCC'), Seq('ATACCTAGTTCCTTTGCAGT'), 'CCAGCCTCTATGGATGCCGA']"
366,FUT11,"[Seq('CTCGGATTACCCGCTGTCGC'), Seq('CTGCTCTATCTGCAGTCACA'), Seq('GTGTACCGCGGTTCTCCCTC'), 'CAGCGGCCATGGGTCCGTAG', 'CGGCACAGACTTCCGCGCGT']"
367,FUT11,"[Seq('CTCGGATTACCCGCTGTCGC'), Seq('CTGCTCTATCTGCAGTCACA'), Seq('GTGTACCGCGGTTCTCCCTC'), 'CAGCGGCCATGGGTCCGTAG', 'CGGCACAGACTTCCGCGCGT']"
368,FUT2,"[Seq('GGGGAGTACGTCCGCTTCAC'), 'TCAATGCAATAGGCCGCCTG', 'TCCATGTCATGCCAAAAGTG', 'CTATATTTCACGTTCAGCAG', 'TCACCCTGCACGACCACGTG']"
369,ST3GAL1,"['TGGAGGACGACACCTACCGA', 'CCTGAACTACTCCCACACCA', 'CAAGACCATCGACTTGGAGT', Seq('GAGGGAGTCTTCTTATGGGC'), 'TGGGAATGTGGACCCTATGC']"
370,ST6GALNAC1,"['AAGACGACCCAAGGAAATGG', Seq('TGGTGAACACACTGTCACCC'), Seq('GGAGATAGACAGTCACGACT'), 'AAATACAGCTTCGAAATAGG', Seq('GTGGTGCAGAAGGTCGTGAC')]"
371,ST6GALNAC2,"[Seq('CACTTCCGTGGCCTGTTCAA'), 'AAAGTGTATCCGGTGTGCCG', Seq('CGTATGGCTGGCGGGGGCTC'), Seq('CGACTATGTGATGCTGAGAT'), Seq('ACTGGAATCTGGGCTTCACC')]"
372,ST8SIA6,"['TGGGACTAATATGAGTTACG', 'TGTAACCTACCCCCAACCAC', Seq('CGCGCCACTAACAGGTACAG'), 'GTGTGCAGTGGTCGGAAATG', Seq('CGCCAGGTAACCCACCCACC')]"
373,ST6GAL1,"['TGTGAATGTATCCATGGTAG', Seq('ATCTGTATACCACTCAGATA'), 'AGAGCATTAGGACCAAGGCT', Seq('AGTCTGTATCCTCAAGCAGC'), 'ATGATCATGACGCAGTCCTG']"
374,ST6GAL2,"['CCTGACCGCCAACAAGCACG', Seq('TGGGCGAGGAAATAGGTAGG'), 'TCAAAGTGCTTTCTACCCGG', 'AAGGAGCCACGTGTTGGAGG', Seq('CACATGAGCCCTCCCCGCCT')]"
375,ST3GAL3,"['GCTGGACAAACACTAGGCTC', Seq('CCGGTAAGTGCTCCTGTTTC'), Seq('CCTTTTGGGATCAAAGGTCA'), 'ACTGCGCATCACCTACCCCG', 'GGAAGCTACACTTACTCCAG']"
376,ST3GAL4,"[Seq('CCGCTGTGTGGTCGTGGGGA'), 'TGCCATCAACAAGTACGATG', Seq('CCGGGTGCTAGCCATCACCA'), Seq('GCGGCTTGAGGATTATTTCT'), Seq('GAGTGATAAGAAGCGGGTAA')]"
377,ST3GAL6,"['GTACTGCATTGCATATTATG', 'CATACCCTGTAAAAAGTGTG', Seq('TCCGACTTTTTTATCCAGAA'), 'TTAAGCCACATGATTTAAGG', Seq('TGTTTATCAAAGCCAGCTTT')]"
378,ST8SIA2,"['AGGACTTGGTCAATGCCACG', 'TTGTCTTGCAGGAATTCGGG', Seq('CGTCCAAATGGAGACATAAC'), 'TCGGGGGTCTTGCTGAACAG', 'AGGAGTATGCCCGGGATGTG']"
379,ST8SIA4,"['CAGGTGTAATCTAGCTCCTG', 'TGCAGAACGAGATGTGTCAG', 'GTTGTACAAAGAGCATTTGG', 'ACTATGTGCTTGACAGGCGC', 'AGCAAGAACTGAGGAGCACC']"
380,B3GAT1,"[Seq('CGCCGGACGCCGCTGACCGC'), Seq('TGGACTCTGCTCATCACTGT'), Seq('CCATGGTCCGACACGCTGCC'), 'CGCGACCCACGCATCCCGCG', 'GAAGGCCGAGCTGACGCGCA']"
381,B3GAT2,"['GCCACTGAGCAGCGCAACGC', 'GCCCGACTCCCGCTCCGCAG', Seq('GCGTGCTCTTCTTCGCTGAC'), Seq('ACCATCTATGCCATCACGCC'), 'TGTCATCATCATGCTCGACG']"
382,ST6GALNAC3,"[Seq('TCGAACTCACTATGGATACA'), Seq('TGATTCGAGTTGTGTCCCAT'), 'GGGGACCTTTCCGCAATATG', 'TGTGCCATAGTGTCAAACTC', 'AAGCGCATGAGTTACTGTGA']"
383,ST6GALNAC4,"['AGACACGCTCTACATGGTGT', Seq('ACCGTGGGCTTTGAGGCGGA'), Seq('CTGGTCCGCGAGCCCTGCCG'), Seq('CTGCTGCTGCGCAACTATTC'), Seq('TCTACATCCTCCTGTGCTGC')]"
384,ST8SIA3,"[Seq('CGAATGTACATGTTCCACGC'), 'CATTACGAATTCTCTCACCC', 'GAAATAGTGGGATCCTGACA', Seq('TGCTGATTTTATCGCTCATC'), 'TTGCAATTTCGCCCCTACGG']"
385,ST3GAL2,"[Seq('CCGACTGGTTTGACAGCCAC'), Seq('CAGTTCAAGTCACACAACAC'), 'GATGAATCAGGCGCCAACCG', 'GGGAACTCGGGCAACCTGCG', Seq('ACGTCAGCTTCGTGCTGGTG')]"
386,ST3GAL5,"[Seq('CTGTCTGACCTTGAATATTA'), Seq('TGCAATGGTACACCCGAGCT'), Seq('CCTTTTGGGTTCCGGAAGTT'), 'GGAAGCGGAGGAATACTGCA', 'ATTTGAGCACAGGTATAGCG']"
387,ST6GALNAC5,"['GGACGGATACCTCGGAGTGG', Seq('TCATGATTACTCGCCACAAG'), 'GGGGCCCCAGCAGCTACATG', 'ATGAATGACGCCCCCACACG', Seq('GCTTGTTGCTAGTGTACAGC')]"
388,ST6GALNAC6,"[Seq('CGTGCGTGTGATCCAGCGAG'), Seq('ACCGCGTCGTGGCCCATTCC'), 'GACCTGTCAACCTCAAGAAG', Seq('TCTCGGTGCCACCAGTGTGT'), 'ACCTACCCCTCAGCAGACGC']"
389,ST8SIA1,"[Seq('CAGGTTAGTATAGAGTTGGT'), Seq('TTGTCAAGTGAATACACTAA'), Seq('TCTTTGAGGGTTTATTATAC'), 'TCTGTGTCGTGGTCCTCTGT', 'ATCCCAGCATAATTCGGCAA']"
390,ST8SIA5,"[Seq('CCCATCTCAGAGAAGTACAC'), 'GCAGGTGTACGAGAACGCGT', Seq('CATGTTTCCCAAGGTGCTGC'), Seq('ACCAGTTCAAGTATCTATGA'), 'ACCCAGAAGAACACTCCCCT']"
391,ABO,"[Seq('CGCGTGACGCTGGGGACCGG'), Seq('CCATTGGGTTAACTGTGTTT'), 'TGCCAGGAAGCCTGGAACGG', 'CAGTAGGAAGGATGTCCTCG', 'ATGGAGTTCCGCGACCACGT']"
392,A3GALT2,"[Seq('GAGCGTGATGTACTACGTGT'), 'GCGCATGCGCACGTTGCACG', Seq('CACCATTGGGCTGACTATCT'), 'GACGTGGACCAGCACTTCAG', Seq('CTGGGGGGCTCCCATTATTT')]"
393,DPY19L1,"[Seq('GGAGCCATATAACACACCTC'), Seq('CCTTGTCATTAATACATTAA'), 'ATATGTTGGACGGTTACCAG', 'TTTATTGTATACCTGTGCAG', Seq('CTCCGTGAAAGCTTCTCATA')]"
394,DPY19L2,"[Seq('CCTGGTATTGCACATTCATG'), Seq('CGGGGAGGATCCAAAGTCTG'), 'AACCACTCTCGGCATCGGTG', Seq('TGTACTTCAGATGTGTATTT'), Seq('AGATTCGCCTGAGTGATCTT')]"
395,DPY19L3,"['CAGGCTCCAACCCTCGTGCA', Seq('TGATTCTTGGATCACTGCTT'), Seq('CAAGAGTTGAGTTTACCATC'), 'TCTACAAATCAACAATCCGT', Seq('CCTGCCTTTTAATACATTTG')]"
396,DPY19L4,"['TGTCTTGCAGCGGTTACTAG', Seq('CTGTCAAGAATCCCTGCAGG'), Seq('CTGGTAGCAATGTATGTATT'), 'TTGTAGTGGTAAGTCCCTGA', 'CAACTTAAATACTTATGGAG']"
397,C1GALT1C1,"[Seq('CACTACGTTTGCTATCATTG'), 'ATATGGACACAAATGACATG', 'TCTGGAGACCTTGAATATGT', 'AATTTCAGAGGATGAGCGCA', 'GGGCTGCAGTAAAGGAGACT']"
